res_state,res_county,total_deaths,deaths_male,deaths_65p,pct_male,pct_65p,population,med_age,med_income,area_km2,lon,lat,Y,density
AK,ANCHORAGE,54,43,54,79.6296296296296,100,290905,33.9,84813,4492.16166263756,-149.108467841972,61.1503091122953,18.5627610388271,64.7583550742464
AK,MATANUSKA-SUSITNA,55,27,55,49.0909090909091,100,107522,35.5,76118,64747.6024532291,-149.586805268606,62.3143261792973,51.1523223154331,1.66063291807089
AL,AUTAUGA,13,13,13,100,100,58909,38.6,57982,1565.32275749941,-86.6427420901898,32.5349159082842,22.0679352900236,37.6337721519532
AL,BALDWIN,245,150,231,61.2244897959184,94.2857142857143,233244,43.2,61756,4352.54856420989,-87.7222829347446,30.7268753293495,105.040215396752,53.5879144274041
AL,BLOUNT,23,12,23,52.1739130434783,100,59110,41,48922,1685.09807043496,-86.5675542604674,33.9808193690687,38.9105058365759,35.0780770787675
AL,CALHOUN,111,54,111,48.6486486486487,100,116242,39.5,50128,1585.72294135968,-85.8261426685671,33.7713805225808,95.4904423530222,73.3053656273196
AL,CHAMBERS,22,0,22,0,100,34572,41.9,43875,1562.23745441926,-85.3920007920885,32.9142878631463,63.6353118130279,22.1297984517032
AL,COFFEE,23,11,23,47.8260869565218,100,53565,39.5,56799,1762.91134656246,-85.9881733936531,31.4025722775178,42.9384859516475,30.3843980041581
AL,COLBERT,11,11,11,100,100,57305,42.5,47962,1614.69811597023,-87.8048790627114,34.700584473252,19.1955326760318,35.4896060342319
AL,COVINGTON,15,0,15,0,100,37513,43.3,42566,2703.4444346265,-86.4512365854689,31.2483788390805,39.9861381387786,13.8760018587853
AL,CULLMAN,60,47,60,78.3333333333333,100,88142,41.2,48388,1955.11843737717,-86.8677391951147,34.1319072218939,68.071974767988,45.0826908052916
AL,DALE,12,0,12,0,100,49260,37.8,45644,1456.71588840971,-85.6110410147842,31.4317509169379,24.3605359317905,33.8157909802007
AL,DEKALB,49,24,49,48.9795918367347,100,71673,39.6,42267,2016.82496925022,-85.8045015322315,34.4596655637043,68.3660513722043,35.5375409828674
AL,ELMORE,31,17,31,54.8387096774194,100,87871,38.7,62324,1701.75521301243,-86.1491481730982,32.596662969984,35.2789885172583,51.635510987771
AL,ETOWAH,222,115,222,51.8018018018018,100,103437,41.3,44934,1421.15578251175,-86.034758119143,34.0452764754442,214.623393949941,72.7837167978766
AL,HOUSTON,85,46,70,54.1176470588235,82.3529411764706,107300,40.2,49069,1506.30114982936,-85.3023934244015,31.1532319261564,79.2171481826654,71.2340955274153
AL,JEFFERSON,1377,717,1213,52.0697167755991,88.0900508351489,674727,37.9,55088,2911.37000340567,-86.896674380083,33.5542743852454,204.082540049531,231.755839762969
AL,LAUDERDALE,81,44,81,54.320987654321,100,94031,41.3,48428,1864.24840163245,-87.6539606183053,34.9016419799659,86.1418042985824,50.43909380191
AL,LEE,43,11,43,25.5813953488372,100,174856,32.4,52930,1595.05333228407,-85.3554241427268,32.6011988262403,24.5916639978039,109.623920693367
AL,LIMESTONE,47,35,47,74.468085106383,100,104209,40,64270,1572.71082424787,-86.981318646657,34.810024461603,45.1016706810352,66.2607507962164
AL,MADISON,341,213,328,62.4633431085044,96.1876832844575,390527,38.5,66887,2104.98503421929,-86.5501934746417,34.7629522876947,87.3179063163367,185.524834453201
AL,MARSHALL,50,15,50,30,100,97706,39.2,50216,1614.04036450246,-86.3066295657777,34.3668778947617,51.1739299531247,60.5350412225401
AL,MOBILE,790,427,619,54.0506329113924,78.3544303797468,414409,38.1,49625,3285.9696159813,-88.2059024379792,30.7868310174241,190.632925443222,126.114677988659
AL,MONTGOMERY,261,129,261,49.4252873563218,100,228363,36.7,51963,2071.59935985846,-86.2075433327103,32.2201603119006,114.291719761958,110.235118056612
AL,MORGAN,134,84,134,62.6865671641791,100,123329,40.5,52923,1551.57397386579,-86.8528698046878,34.4534969236933,108.65246616773,79.4863809765529
AL,SHELBY,54,42,54,77.7777777777778,100,223915,39.5,78889,2096.54940014625,-86.6608668204974,33.2642430338208,24.1162941294688,106.801680887834
AL,ST. CLAIR,114,69,114,60.5263157894737,100,91687,40.5,62531,1692.22106344891,-86.3147513192359,33.7156022450706,124.336056365679,54.1814553549717
AL,TALLAPOOSA,46,46,46,100,100,41288,45,48160,1985.10642267845,-85.7975118760168,32.8621688096871,111.412516954079,20.7988849002318
AL,TUSCALOOSA,148,75,148,50.6756756756757,100,232651,33.2,54283,3500.29913907892,-87.5251212159196,33.2894520202342,63.6145986907428,66.4660335462702
AL,WALKER,83,52,71,62.6506024096386,85.5421686746988,65141,42,45833,2085.11736719505,-87.297218103365,33.8032684165651,127.415913172963,31.2409272613892
AR,BAXTER,41,25,41,60.9756097560976,100,41696,52.3,43504,1519.80534984416,-92.3369207742406,36.2870318790939,98.3307751343055,27.4350922664377
AR,BENTON,374,186,363,49.7326203208556,97.0588235294118,286621,35.5,71556,2289.66820458092,-94.2562957989737,36.3387917198148,130.485902986871,125.18014593842
AR,BOONE,24,0,24,0,100,37393,42.9,46392,1559.28159245673,-93.0915400060577,36.3085026171699,64.1831358810473,23.9809154298329
AR,CLEBURNE,11,11,11,100,100,24716,49.5,45563,1533.02927605607,-92.0267518053503,35.538058972217,44.5055834277391,16.1223274636903
AR,CRAIGHEAD,98,47,98,47.9591836734694,100,111623,34.4,49730,1845.87061931229,-90.6329070925343,35.8308977841093,87.7955260116643,60.4717355767799
AR,CRAWFORD,41,24,41,58.5365853658537,100,60160,39.2,48980,1561.92954160143,-94.2428565118659,35.5890179274355,68.1515957446809,38.5164621051462
AR,FAULKNER,76,36,76,47.3684210526316,100,123820,33.3,54191,1719.66266134167,-92.3321331414882,35.1468660492096,61.3794217412373,72.002493735252
AR,GARLAND,195,105,195,53.8461538461539,100,100266,45.1,48150,1902.87254888147,-93.150383080642,34.5766440573957,194.482676081623,52.6919157349439
AR,GREENE,33,14,33,42.4242424242424,100,45861,37.7,50083,1500.11732937162,-90.5590120434118,36.1175819303266,71.9565644011251,30.5716087015745
AR,INDEPENDENCE,40,12,40,30,100,37945,39.4,48972,1998.48067681297,-91.5697196790112,35.741520227372,105.415733298195,18.9869236366657
AR,LONOKE,66,27,66,40.9090909090909,100,74072,36.7,59278,2079.31149745242,-91.8885375692212,34.7540304610472,89.1024948698564,35.6233301699881
AR,OUACHITA,11,11,11,100,100,22617,44.4,38279,1916.02894199816,-92.881993661103,33.5932548534001,48.6359817836141,11.8041014434853
AR,POINSETT,22,0,22,0,100,22955,39.9,40700,1977.76825774869,-90.6629690439164,35.5741496109317,95.8396863428447,11.6065165420998
AR,POPE,26,14,26,53.8461538461539,100,63407,35.6,46004,2151.5284606914,-93.0342084601669,35.4474037935477,41.004936363493,29.4706768506441
AR,PULASKI,450,207,450,46,100,399286,37.4,52930,2091.86919448147,-92.3116118292923,34.7698896430019,112.70117159129,190.875223485938
AR,SALINE,120,60,120,50,100,123820,39.6,66876,1891.61116087726,-92.6761850026633,34.646605559161,96.9148764335326,65.4574272772723
AR,SEBASTIAN,236,102,236,43.2203389830509,100,127813,37.9,47878,1417.30665694814,-94.2742678826346,35.1995278211354,184.644754445948,90.1802015628838
AR,WASHINGTON,225,115,225,51.1111111111111,100,246779,32.2,52380,2466.79432028575,-94.2156712728123,35.9789814092107,91.174694767383,100.040363304961
AR,WHITE,37,11,37,29.7297297297297,100,76863,37.1,44000,2699.19606298335,-91.745685507024,35.2562582064375,48.1375954620559,28.4762567099499
AZ,APACHE,209,114,198,54.5454545454545,94.7368421052632,65917,35.4,33967,29057.0299396057,-109.488407396965,35.3846902780429,317.065400427811,2.2685388058245
AZ,COCHISE,180,129,180,71.6666666666667,100,125533,41,51505,16106.4910799228,-109.751183956717,31.8793824840062,143.388591047772,7.79393844240106
AZ,COCONINO,72,32,72,44.4444444444444,100,145190,31,59000,48332.444707703,-111.76874948903,35.835500087339,49.5901921619946,3.00398626384525
AZ,GILA,25,25,25,100,100,53355,50.4,46907,12421.1787921976,-110.810084827632,33.7993465228706,46.8559647643145,4.29548603176981
AZ,MARICOPA,16493,9615,12830,58.2974595282847,77.7905778208937,4445415,36.6,67799,23889.4459316454,-112.493099701412,33.348323788833,371.011480367975,186.082800443326
AZ,MOHAVE,888,603,865,67.9054054054054,97.4099099099099,214173,52.3,47686,34865.246974502,-113.7621474758,35.6978811792171,414.618089114874,6.14287918730738
AZ,NAVAJO,305,211,271,69.1803278688525,88.8524590163935,106773,38.2,43140,25795.5234256386,-110.320399383338,35.390840132786,285.652739924887,4.13920656844964
AZ,PIMA,2829,1707,2546,60.33934252386,89.9964651820431,1045227,38.7,55023,23797.8683860208,-111.789181379721,32.099477668446,270.658909500042,43.9210345668599
AZ,PINAL,773,510,723,65.9767141009056,93.5316946959897,430213,39.8,60968,13920.2802119888,-111.344601801164,32.9047863297603,179.678438354954,30.9054841891387
AZ,SANTA CRUZ,27,27,27,100,100,47712,37.2,41424,3207.040013414,-110.846636090947,31.5261587219042,56.5895372233401,14.8772699437601
AZ,YAVAPAI,817,526,805,64.3818849449205,98.531211750306,237228,54.1,53329,21052.7662260276,-112.552566914038,34.5993464838896,344.39442224358,11.2682579311936
AZ,YUMA,605,397,538,65.6198347107438,88.9256198347107,205665,34.8,48790,14294.4532293242,-113.905581082975,32.7688064802465,294.167699900323,14.3877486393177
CA,ALAMEDA,746,397,735,53.2171581769437,98.5254691689008,1680614,37.8,104888,1944.28212409725,-121.88865922261,37.6469451348809,44.3885389506454,864.387929699413
CA,BUTTE,201,97,201,48.2587064676617,100,210222,36.9,54972,4343.69880726358,-121.600709885643,39.666562176289,95.6132088934555,48.3970020316474
CA,CALAVERAS,11,11,11,100,100,45350,52.8,67054,2685.71778369549,-120.554662119596,38.2044483752859,24.2557883131202,16.8856163053734
CA,CONTRA COSTA,563,315,538,55.9502664298402,95.5595026642984,1166165,39.9,103997,1970.59609175329,-121.927740757972,37.9192207665224,48.2779023551556,591.782864525238
CA,EL DORADO,92,39,92,42.3913043478261,100,191250,46.3,83710,4626.62101386698,-120.525046833855,38.7788989240334,48.1045751633987,41.3368632154617
CA,FRESNO,1615,926,1358,57.3374613003096,84.0866873065015,1009613,32.4,57109,15568.5147331714,-119.653402514315,36.7585690778634,159.962282577582,64.8496672485297
CA,HUMBOLDT,11,11,11,100,100,136324,38.9,49235,9351.941071963,-123.876142127577,40.6970958157702,8.0690120595053,14.577080731261
CA,IMPERIAL,497,336,429,67.6056338028169,86.317907444668,179730,32.5,46222,11606.5814998212,-115.365373469187,33.0398697467377,276.525899961053,15.4851796804054
CA,KERN,1250,841,927,67.28,74.16,906124,31.9,54851,21139.2111889946,-118.728928510183,35.3437904902206,137.950214319453,42.8646079505437
CA,KINGS,38,25,38,65.7894736842105,100,152797,32,61556,3604.06436261494,-119.815916979819,36.075085477727,24.869598225096,42.3957467532954
CA,LOS ANGELES,35724,20903,27240,58.5124846041877,76.2512596573732,9996634,36.7,71358,10621.6030865304,-118.224989126339,34.3197920701482,357.360287472763,941.160568565872
CA,MADERA,11,11,11,100,100,156434,34.1,61924,5575.49032267602,-119.764808299591,37.2177620572455,7.031719447179,28.0574426546431
CA,MARIN,119,52,119,43.6974789915966,100,261341,47.1,121671,1408.80477598407,-122.723156612203,38.0733119483172,45.5343784557341,185.505475602502
CA,MERCED,116,85,116,73.2758620689655,100,282963,31.2,56330,5124.83471288735,-120.718397921084,37.1917111887215,40.9947590320996,55.2140733999551
CA,MONTEREY,342,227,291,66.374269005848,85.0877192982456,440506,34.7,76943,8587.40007633536,-121.237123770159,36.2168993100855,77.6379890398769,51.2967832037918
CA,NEVADA,42,12,42,28.5714285714286,100,102267,50.5,68333,2522.95086658372,-120.769195607646,39.3016793758761,41.0689665287923,40.5346776088738
CA,ORANGE,6940,4060,5882,58.5014409221902,84.7550432276657,3186261,38.3,94441,2069.44017742619,-117.760832263505,33.7029178720868,217.810154284285,1539.67291964092
CA,PLACER,293,172,293,58.703071672355,100,405951,42.2,93677,3891.26003022609,-120.718916495131,39.0638369047364,72.1761986052504,104.323791483144
CA,RIVERSIDE,5030,3243,3879,64.4731610337972,77.117296222664,2424663,35.8,70732,18915.4937931682,-115.993893626753,33.74663984402,207.451509756201,128.183965299163
CA,SACRAMENTO,1921,1007,1759,52.4206142634045,91.5668922436231,1586727,36.4,70684,2575.39237612906,-121.34451387441,38.4490492184293,121.066824979975,616.11077780114
CA,SAN BERNARDINO,6758,4148,4798,61.379106244451,70.9973364900858,2183526,33.6,65761,52073.4319859281,-116.176585927192,34.842046365758,309.499406006615,41.9316706567383
CA,SAN DIEGO,4181,2517,3640,60.2009088734753,87.0605118392729,3301182,36.1,82426,11032.2474891506,-116.734931694691,33.0340885824905,126.651605394674,299.230234206263
CA,SAN FRANCISCO,340,176,340,51.764705882353,100,874826,38.3,119136,127.263803979027,-122.443048979506,37.7561681372079,38.8648714144298,6874.11481228527
CA,SAN JOAQUIN,1014,622,889,61.3412228796844,87.67258382643,780676,34.4,68628,3694.94284555751,-121.2716118405,37.9344290337235,129.887430893226,211.282293835376
CA,SAN LUIS OBISPO,203,107,203,52.7093596059113,100,281924,39.5,77948,8608.47763610168,-120.403018919914,35.3871398623939,72.0052212653055,32.7495768610335
CA,SAN MATEO,210,96,210,45.7142857142857,100,762727,39.8,128091,1186.39896579198,-122.328869893118,37.4226753792345,27.5327869604721,642.892502431376
CA,SANTA BARBARA,229,132,218,57.6419213973799,95.1965065502183,448083,33.8,78925,7126.48214434075,-120.016167929836,34.67263510448,51.1066030177445,62.8757626728679
CA,SANTA CLARA,1342,746,1274,55.5886736214605,94.9329359165425,1924802,37.2,130890,3367.68299365424,-121.694687504194,37.231737566747,69.7214570641552,571.550826971222
CA,SANTA CRUZ,89,31,89,34.8314606741573,100,271768,38.2,89986,1157.27140746792,-122.001586144619,37.0562160785838,32.7485207971505,234.835146056724
CA,SHASTA,297,167,285,56.2289562289562,95.959595959596,182190,41.7,57139,9964.48189781942,-122.041323626448,40.7636107841795,163.016630989626,18.2839410887855
CA,SOLANO,33,33,33,100,100,452887,38.3,84638,2305.11338407009,-121.93301270385,38.2698465184063,7.28658583708519,196.470595819606
CA,SONOMA,149,69,149,46.3087248322148,100,488501,42.4,86173,4122.96919645245,-122.886577249405,38.5280995496157,30.5014728731364,118.482815835812
CA,STANISLAUS,676,443,636,65.5325443786982,94.0828402366864,553710,34.3,62873,3920.90547224303,-120.998509033416,37.5589254152256,122.085568257752,141.21993093683
CA,SUTTER,14,0,14,0,100,99479,35.8,63502,1575.87521021076,-121.694529568817,39.03429519036,14.0733220076599,63.1261913097137
CA,TEHAMA,28,28,28,100,100,65690,40.6,48895,7674.06371602218,-122.234645027564,40.1259497822914,42.6244481656264,8.56000190131991
CA,TULARE,736,434,678,58.9673913043478,92.1195652173913,473944,31.2,52534,12532.6286230151,-118.800388661142,36.2200251896174,155.292608409432,37.8168071724111
CA,TUOLUMNE,22,11,22,50,100,55397,48.7,60509,5890.68833651721,-119.954937355889,38.0276340917082,39.713341877719,9.40416413759087
CA,VENTURA,846,491,764,58.0378250591017,90.3073286052009,843808,38.5,89295,4810.95128699374,-119.083425771301,34.4560548346768,100.259774735485,175.393170635755
CA,YOLO,49,37,49,75.5102040816327,100,217768,31.1,73746,2650.43511513846,-121.901021762495,38.6865050956521,22.5010102494398,82.1631130512032
CO,ADAMS,405,223,405,55.0617283950617,100,520517,34,73817,3065.22771110074,-104.33773832605,39.874121863933,77.807257015621,169.813485019382
CO,ARAPAHOE,563,278,563,49.3783303730018,100,655312,36.8,80291,2086.08109924405,-104.339282267134,39.650274871915,85.9132748980638,314.135438088898
CO,BOULDER,108,26,108,24.0740740740741,100,330953,36.9,87476,1917.97693731814,-105.357736271572,40.0924692367791,32.6330324849752,172.553169728288
CO,DELTA,14,0,14,0,100,31056,47.7,47968,2974.66440967342,-107.863202501257,38.8613848493279,45.0798557444616,10.4401692839729
CO,DENVER,429,245,429,57.1095571095571,100,717620,34.6,72661,401.242925076294,-104.876100103353,39.7621268466888,59.7809425601293,1788.49259426456
CO,DOUGLAS,159,81,159,50.9433962264151,100,360327,39,121393,2183.05450136833,-104.929687330207,39.3295938642885,44.1265850186081,165.056346405529
CO,EL PASO,810,467,760,57.6543209876543,93.8271604938272,733804,34.4,71517,5516.26736894656,-104.525375841258,38.8319929621516,110.383699189429,133.025459231889
CO,FREMONT,27,27,27,100,100,48889,45.2,52364,3972.41354209385,-105.439577600246,38.4730860565307,55.2271472110291,12.3071275137761
CO,JEFFERSON,804,449,793,55.8457711442786,98.6318407960199,583169,40.2,87793,2004.74421823997,-105.250637151808,39.5858796745153,137.867410647685,290.894466582865
CO,LARIMER,215,103,215,47.9069767441861,100,359932,36.2,76366,6821.14717301293,-105.460759446599,40.6661301350463,59.7335052176522,52.7670772775625
CO,LOGAN,26,12,26,46.1538461538462,100,21209,38.9,49560,4778.44874260234,-103.110094905764,40.7245563232704,122.58946673582,4.43846970898962
CO,MESA,235,152,235,64.6808510638298,100,156011,40,57157,8653.72860063121,-108.467657896782,39.0181787434097,150.630404266366,18.0281826712962
CO,MONTROSE,24,11,24,45.8333333333333,100,42820,45.5,54611,5808.51240529266,-108.270119128631,38.4027034654944,56.0485754320411,7.37193914933931
CO,PUEBLO,221,131,221,59.2760180995475,100,168352,39.7,49979,6213.20335508777,-104.512664170407,38.1733399788286,131.272571754419,27.0958457946081
CO,WELD,264,159,264,60.2272727272727,100,331467,34.6,74332,10404.7345089921,-104.39365007573,40.5541667115692,79.6459376046484,31.8573241550312
DC,DISTRICT OF COLUMBIA,714,349,629,48.8795518207283,88.0952380952381,670917,34.1,90842,176.929718774407,-77.01627756257,38.9047175040689,106.42150966513,3791.9972102338
FL,ALACHUA,228,124,228,54.3859649122807,100,279765,31.7,50089,2509.29624314597,-82.3575969278212,29.6747568863468,81.4969706718138,111.491419462395
FL,BAY,415,282,359,67.9518072289157,86.5060240963856,174543,40.6,56483,2285.56145064695,-85.6201512390315,30.265184520398,237.763760219545,76.3676688502923
FL,BREVARD,1610,934,1452,58.0124223602485,90.1863354037267,608792,47.2,59359,3353.77680564372,-80.7320224225226,28.29313264433,264.458140054403,181.524303876014
FL,BROWARD,4771,2694,4048,56.4661496541606,84.8459442464892,1943497,40.5,60922,3173.63507483728,-80.4871499187124,26.1525138558807,245.485328765622,612.388303686633
FL,CHARLOTTE,360,228,360,63.3333333333333,100,188017,59.5,52724,1934.09662654496,-81.9122399998937,26.9056753280966,191.472047740364,97.2117925337944
FL,CITRUS,594,351,563,59.0909090909091,94.7811447811448,154569,56.7,45689,1710.21067220822,-82.4793238452235,28.8489269218435,384.294392795451,90.3800932316842
FL,CLAY,443,255,387,57.5620767494357,87.3589164785553,218956,39.8,68657,1666.76649345488,-81.8578926736072,29.9830142710451,202.323754544292,131.365731708553
FL,COLLIER,396,251,381,63.3838383838384,96.2121212121212,377331,51.3,70217,5449.06273570919,-81.3473555422627,26.1108327932102,104.94764543597,69.2469546234524
FL,COLUMBIA,94,73,94,77.6595744680851,100,69760,40.6,44818,2075.45663954786,-82.6216794526205,30.2239294271732,134.747706422018,33.6118802343166
FL,DESOTO,13,13,13,100,100,34089,40.7,36360,1654.61375694532,-81.8095119902799,27.1864182438644,38.1354689195928,20.6023912571196
FL,DUVAL,2527,1399,2031,55.3620894341116,80.3719825880491,997826,36.3,56769,2200.24387993777,-81.6708863159549,30.3315841286111,253.250566732076,453.506999427819
FL,ESCAMBIA,670,384,620,57.3134328358209,92.5373134328358,322612,37.3,53023,1932.4131189477,-87.3624846806582,30.6685636720161,207.679813522126,166.947738470995
FL,FLAGLER,89,60,89,67.4157303370787,100,116032,51.8,57536,1314.19449452375,-81.313527714817,29.4613791431205,76.7029784886928,88.2913453704951
FL,HERNANDO,653,372,622,56.9678407350689,95.2526799387443,195629,48.8,50280,1291.15316798652,-82.425003980442,28.5537026173398,333.795091729754,151.514944044224
FL,HIGHLANDS,235,142,235,60.4255319148936,100,101340,54.1,43708,2865.55216610363,-81.3410284077134,27.3432061969427,231.892638642195,35.3649119352082
FL,HILLSBOROUGH,2683,1475,2428,54.9757733879985,90.4957137532613,1466320,37.4,60566,2808.74077705973,-82.3090902787888,27.9290076939463,182.975066833979,522.056008862088
FL,INDIAN RIVER,339,188,328,55.4572271386431,96.7551622418879,160452,54,57945,1399.34463638743,-80.6062003739355,27.694369117344,211.2781392566,114.662246760187
FL,JACKSON,23,0,23,0,100,47106,42.2,40754,2472.42330495301,-85.2154144440824,30.7954286240844,48.8260518829873,19.0525626844046
FL,LAKE,981,610,916,62.1814475025484,93.3741080530071,386238,47,55792,2995.69023587752,-81.7116624778683,28.7612732879668,253.988473428301,128.93122105025
FL,LEE,1648,1046,1506,63.4708737864078,91.3834951456311,765566,48.8,59608,2301.6887432347,-81.8336849481411,26.5778211147208,215.265568220114,332.610567892904
FL,LEON,236,99,224,41.9491525423729,94.9152542372881,293961,31.3,54675,1817.59185430383,-84.278085242057,30.4580611169829,80.2827585972289,161.731028505623
FL,MANATEE,758,449,708,59.2348284960422,93.4036939313984,401644,48.8,59963,2060.83859575746,-82.3152119306645,27.4719767039242,188.724342950474,194.893477260588
FL,MARION,1614,1005,1464,62.2676579925651,90.7063197026022,377464,48.7,46587,4306.33625616319,-82.0566558004074,29.2102800802239,427.590445711379,87.6531644410667
FL,MARTIN,209,90,209,43.0622009569378,100,158669,52.7,65821,1756.7715325805,-80.4315383706555,27.0776599949388,131.720752005748,90.3185172672583
FL,MIAMI-DADE,10809,5925,9105,54.8154315847905,84.2353594227033,2695729,40.2,53975,5230.36815932215,-80.5625115022158,25.6148144965622,400.967604681331,515.399474355428
FL,NASSAU,102,75,102,73.5294117647059,100,91036,45.8,72998,1735.43562067228,-81.8017230914695,30.6106241329181,112.043587152335,52.4571461571902
FL,OKALOOSA,280,162,269,57.8571428571429,96.0714285714286,212097,36.9,64373,2576.35033133492,-86.5917278412315,30.6910673223201,132.015068577113,82.3245959295076
FL,OKEECHOBEE,11,11,11,100,100,39656,40.9,46097,2308.82119425177,-80.8884552151571,27.3863615857896,27.7385515432721,17.1758645055454
FL,ORANGE,1742,983,1540,56.4293915040184,88.4041331802526,1431720,35.3,61416,2597.90899647429,-81.3233315315555,28.5145633358253,121.671835275054,551.104754609585
FL,OSCEOLA,347,227,347,65.4178674351585,100,391163,36,55538,3901.15736189639,-81.149165253042,28.0625636741007,88.7098217367185,100.26844951721
FL,PALM BEACH,4700,2724,4402,57.9574468085106,93.6595744680851,1494276,45,65015,5766.26215906706,-80.4655084809015,26.6476851822809,314.533593526229,259.141183452846
FL,PASCO,1506,910,1345,60.4249667994688,89.3094289508632,566182,44.5,53431,1992.01638436618,-82.3932704160347,28.3092282801578,265.992207452727,284.225573867531
FL,PINELLAS,3033,1718,2882,56.6435872073854,95.0214309264754,959839,48.4,56419,850.475664792052,-82.7255748155587,27.9194739303778,315.990494239138,1128.59078717401
FL,POLK,2262,1273,1927,56.2776304155615,85.1900972590628,730179,40.2,51535,5207.05678413259,-81.6972650395544,27.9488402896947,309.787052215964,140.228737705544
FL,PUTNAM,113,76,86,67.2566371681416,76.1061946902655,73386,45,40068,2141.6684275776,-81.744214199476,29.6086271953027,153.980323222413,34.2658084020062
FL,SANTA ROSA,326,198,294,60.7361963190184,90.1840490797546,189022,40,70663,2974.06258875562,-87.0219346845927,30.7002406900453,172.466696998233,63.5568332403821
FL,SARASOTA,1343,794,1314,59.1213700670142,97.8406552494415,436256,56.6,64644,1568.40143327969,-82.3313549961625,27.1844506874563,307.846768869655,278.153278072275
FL,SEMINOLE,511,259,481,50.6849315068493,94.1291585127202,471472,39.3,70297,894.427494874819,-81.236286568132,28.7170077375654,108.383954932637,527.121541658316
FL,ST. JOHNS,257,163,233,63.4241245136187,90.6614785992218,277105,43.7,83803,1744.21767352764,-81.4405464870452,29.9014847165213,92.7446274877754,158.870652559988
FL,ST. LUCIE,515,284,515,55.1456310679612,100,331461,45.5,55237,1583.80417475322,-80.4720009327413,27.3772613068912,155.37272861664,209.281554679351
FL,SUMTER,313,188,313,60.0638977635783,100,130303,68,59618,1502.08918556814,-82.0808697598746,28.7045658023046,240.209358188223,86.7478451026293
FL,SUWANNEE,54,36,54,66.6666666666667,100,43530,43.5,46280,1792.91418935319,-82.9913689141862,30.1955310760527,124.052377670572,24.2789087500634
FL,VOLUSIA,1395,877,1256,62.8673835125448,90.0358422939068,555752,46.5,52407,3279.3063646833,-81.1815008466673,29.0583714145276,251.011242424679,169.472424408164
FL,WALTON,25,12,25,48,100,75891,44.1,67390,2973.05722268408,-86.1695438123656,30.6433492111271,32.9419825802796,25.5262493506551
GA,BARROW,11,0,11,0,100,84006,36,62990,421.916246437172,-83.7127066129545,33.9931949701666,13.0943027878961,199.10586688562
GA,BIBB,25,13,13,52,52,157038,36.3,41317,660.165441962657,-83.6973869400607,32.8064937218795,15.9197136998688,237.876735160704
GA,CHATHAM,13,0,13,0,100,295076,35.9,57739,1277.03341327796,-81.1327434966236,32.0041606826288,4.40564464748065,231.06364871267
GA,CHEROKEE,43,29,43,67.4418604651163,100,268169,39,84817,1125.1302905547,-84.4762282607949,34.2439218459637,16.034664707703,238.344840816426
GA,COBB,40,29,40,72.5,100,766383,36.8,80830,892.372340665995,-84.5767034646532,33.9414428552303,5.21932245365568,858.815278192098
GA,COFFEE,13,0,0,0,0,43058,36.9,42526,1560.35248114868,-82.8491309923891,31.5492661275271,30.1918342700543,27.5950469654793
GA,FORSYTH,26,26,26,100,100,252911,38.8,112834,639.993200689785,-84.1250640907615,34.2255188617107,10.2802962306898,395.177635836462
GA,FULTON,14,0,14,0,100,1069333,35.7,72741,1384.04652447191,-84.4676259959976,33.7899573260564,1.30922734078159,772.613478732594
GA,GWINNETT,94,63,94,67.0212765957447,100,958378,35.5,72787,1131.24920890466,-84.0236265522201,33.9616838989558,9.80823850297064,847.185564821703
GA,HALL,127,60,127,47.244094488189,100,203409,37.2,63651,1111.909358012,-83.819756036611,34.3168181257669,62.4357820942043,182.936674230063
GA,MUSCOGEE,11,0,11,0,100,207015,34.4,47418,572.529047795009,-84.8770534406909,32.5100291130154,5.31362461657368,361.579907250611
GA,TROUP,15,0,15,0,100,69348,36.7,46796,1154.97484368236,-85.0283891719102,33.0335002756937,21.6300397992732,60.0428661968954
IA,BLACK HAWK,27,14,27,51.8518518518519,100,131049,35.4,54774,1483.08051496232,-92.3087999335805,42.4700018467931,20.6029805645217,88.3627009308589
IA,DALLAS,24,12,24,50,100,100544,35.4,88368,1532.2466727316,-94.0397406293674,41.684771356529,23.8701464035646,65.6186773248173
IA,LINN,57,19,57,33.3333333333333,100,230433,37.7,67301,1876.96766530372,-91.5990254009973,42.0787784667419,24.7360404108787,122.768763820293
IA,MUSCATINE,29,12,29,41.3793103448276,100,43155,38.2,60435,1163.34304431713,-91.1128064571284,41.4839442008529,67.1996292434249,37.0956788806275
IA,POLK,143,66,143,46.1538461538462,100,493039,35.7,69747,1532.0879284626,-93.573495739961,41.6854043958935,29.0037907751719,321.808553439063
IA,POTTAWATTAMIE,11,0,11,0,100,93655,39.6,59901,2483.61311853148,-95.5422544517239,41.336665456978,11.7452351716406,37.7091743078634
IA,SCOTT,15,0,15,0,100,174617,38.4,63876,1212.58320168428,-90.6232503447882,41.6370827317431,8.59022890096611,144.004139062339
IA,WAPELLO,30,0,30,0,100,35327,39.6,46433,1129.2727402131,-92.4094654727974,41.0305644733247,84.9208820448948,31.2829653475331
ID,ADA,626,368,584,58.7859424920128,93.2907348242811,498301,37.2,69952,2746.98129372953,-116.240899201832,43.4506079648507,125.626880138711,181.399487916958
ID,BANNOCK,51,36,51,70.5882352941177,100,87281,34.1,51977,2973.53583029586,-112.223879216786,42.6678551943229,58.4319611370172,29.3525973727096
ID,BONNER,11,11,11,100,100,47411,47.9,51594,4967.56133808188,-116.60045006629,48.2993949489062,23.2013667714244,9.54411969441465
ID,BONNEVILLE,72,58,72,80.5555555555556,100,124736,33,61435,4921.84371044082,-111.613699230165,43.3878652764875,57.7219086711134,25.3433484154311
ID,CANYON,319,191,293,59.8746081504702,91.8495297805643,233031,33.8,56916,1563.48546839408,-116.70900359043,43.6249294524673,136.891658191399,149.045836824665
ID,KOOTENAI,277,187,277,67.5090252707581,100,172791,40.3,60903,3391.05474553746,-116.701801308761,47.6739497261302,160.309275367351,50.9549426258565
ID,TWIN FALLS,84,42,84,50,100,90374,35,53363,4993.83333671502,-114.6669002848,42.3554637771389,92.9470865514418,18.0971197688085
IL,ADAMS,98,68,98,69.3877551020408,100,65622,41.4,55052,2256.7086553579,-91.1884760733595,39.9877511436215,149.34016031209,29.0786317694133
IL,BOONE,17,0,17,0,100,53339,38.7,70396,730.602252783599,-88.8233815233102,42.3229429265428,31.8716136410506,73.0068923231185
IL,BUREAU,35,11,35,31.4285714285714,100,33225,44.2,55549,2262.75426095358,-89.5287376205125,41.4040797389094,105.342362678706,14.6834327409456
IL,CHAMPAIGN,35,11,35,31.4285714285714,100,206252,30.4,53936,2586.01326968659,-88.1991697131726,40.1398559588656,16.9695324166554,79.7567446453963
IL,CHRISTIAN,11,0,11,0,100,33982,43.7,52120,1853.83044677111,-89.2772645429715,39.5457010485993,32.3700782767348,18.3306947294926
IL,CLINTON,24,13,24,54.1666666666667,100,36913,40.6,67179,1303.30196076624,-89.4225780543443,38.6064809040799,65.017744426083,28.3226766407212
IL,COLES,27,0,27,0,100,47084,36.6,46411,1321.01500249967,-88.2218390718013,39.5202685428065,57.3443207883782,35.6422901412217
IL,COOK,14375,8119,11535,56.48,80.2434782608696,5267072,37,67886,2479.99947767969,-87.8162053719534,41.8396015399393,272.922033342244,2123.81980214283
IL,DEKALB,50,39,50,78,100,100368,31.3,62353,1643.84220549325,-88.7703233798328,41.8932044483422,49.8166746373346,61.0569552628584
IL,DUPAGE,1176,604,1154,51.3605442176871,98.1292517006803,931508,39.5,94930,871.210032015008,-88.0855794554844,41.8518884685991,126.246902871473,1069.21174661583
IL,EFFINGHAM,24,13,24,54.1666666666667,100,34707,39.5,59932,1243.18638107743,-88.5898370864532,39.0597622773904,69.1503154983145,27.9177768742292
IL,FRANKLIN,39,12,39,30.7692307692308,100,37717,43,43671,1117.38764040781,-88.9241501059616,37.9922669319465,103.401649123737,33.754624300511
IL,FULTON,24,12,24,50,100,33554,43.9,52243,2286.14899991086,-90.2075970018245,40.4725750972416,71.5264946057102,14.6770836027347
IL,GRUNDY,13,0,13,0,100,52535,38.1,75767,1114.85356864807,-88.4184642414374,41.2849930155741,24.7454078233559,47.1227804954749
IL,HENRY,41,11,41,26.8292682926829,100,49178,43.4,60000,2138.53427380465,-90.1315170259347,41.3530210252184,83.3706128756761,22.9961243092484
IL,JACKSON,11,11,11,100,100,53264,32.1,39689,1560.28689851497,-89.3820770345001,37.785093205078,20.6518474016221,34.1373115743618
IL,JEFFERSON,22,0,22,0,100,37000,41.2,51662,1512.07805413741,-88.924024182924,38.3004437795582,59.4594594594595,24.469636272254
IL,JERSEY,13,0,13,0,100,21492,43,67845,976.784508620776,-90.3567411897794,39.0856751738836,60.4876233016937,22.002805951895
IL,KANE,579,305,554,52.6770293609672,95.6822107081174,516403,37.7,83374,1357.63286805372,-88.4286611990944,41.9386317451068,112.121734381868,380.370136987261
IL,KANKAKEE,81,41,81,50.6172839506173,100,107403,38.2,59370,1764.42549933378,-87.8619393402488,41.1377686332147,75.4168877964303,60.8713714693842
IL,KNOX,98,37,98,37.7551020408163,100,49806,42,44464,1864.50887892154,-90.2132385360581,40.9316633668966,196.763442155564,26.7126644249656
IL,LAKE,770,384,759,49.8701298701299,98.5714285714286,713426,38.5,92654,1218.7281734662,-88.0036455452551,42.3232255225304,107.929904432976,585.385663130228
IL,LASALLE,229,101,229,44.1048034934498,100,109409,42.1,60069,2973.7996476363,-88.8860062494588,41.3436470597548,209.306364193074,36.7909788700671
IL,LEE,30,12,30,40,100,34063,43.5,59986,1887.83198595197,-89.3004171848521,41.7462274833595,88.0721016939201,18.0434489157271
IL,LIVINGSTON,28,17,28,60.7142857142857,100,35816,41.6,58676,2709.08785612553,-88.5575463430889,40.8914633914958,78.1773509046236,13.220686039774
IL,LOGAN,19,0,19,0,100,27905,40,58122,1603.12740534779,-89.3674657007387,40.1244391736228,68.0881562444007,17.4066015632401
IL,MACON,132,76,132,57.5757575757576,100,103764,41.1,53725,1517.10591998508,-88.9615881837942,39.8598706578391,127.211749739794,68.3960154878443
IL,MACOUPIN,49,13,49,26.530612244898,100,44924,43.9,56264,2247.06777579559,-89.9244262238078,39.2607480606473,109.073101237646,19.9922763718572
IL,MADISON,612,303,587,49.5098039215686,95.9150326797386,265749,40.3,64045,1917.76230979279,-89.905069314082,38.8298478397033,230.292494045133,138.57243864007
IL,MARION,82,52,82,63.4146341463415,100,37657,42.4,49925,1492.01537780001,-88.9189892214167,38.6495213727578,217.754999070558,25.2390160049996
IL,MCHENRY,270,161,270,59.6296296296296,100,309973,40.2,90014,1583.26870634705,-88.4523355731749,42.3243500171982,87.1043607023838,195.780412230325
IL,MCLEAN,136,54,136,39.7058823529412,100,171236,33.3,68037,3072.51173720301,-88.8474057168414,40.4908236210395,79.4225513326637,55.7316015840123
IL,MONROE,14,0,14,0,100,34953,42.3,89648,1031.08632174864,-90.1772270832124,38.2783948618993,40.0537865133179,33.8991986051397
IL,MONTGOMERY,18,0,18,0,100,28242,43,54886,1837.92908723259,-89.4788116326286,39.230901687972,63.7348629700446,15.3662076497873
IL,MORGAN,32,14,32,43.75,100,33494,40.9,53002,1482.35964234408,-90.201268764244,39.7154927226019,95.5394996118708,22.595056586292
IL,OGLE,16,0,16,0,100,51762,42.5,63643,1976.15590259671,-89.3205635976094,42.0427017152257,30.9107066960318,26.1932775303729
IL,PEORIA,221,107,221,48.4162895927602,100,181512,37.6,55729,1632.8826685667,-89.7600366054098,40.7879055513015,121.755035479748,111.160467003625
IL,PERRY,12,0,12,0,100,20892,41.9,51616,1157.47805731305,-89.3669977156652,38.0837478987492,57.4382538770821,18.049586225849
IL,RANDOLPH,13,0,13,0,100,30084,42.2,55319,1546.31795075126,-89.8251604545451,38.0520545067941,43.2123387847361,19.4552485052534
IL,ROCK ISLAND,229,127,229,55.4585152838428,100,144360,40.1,55980,1168.41016719084,-90.5679797233677,41.4673612905809,158.631199778332,123.552502411955
IL,SANGAMON,206,95,206,46.1165048543689,100,196223,40.6,61743,2271.30784963466,-89.6590675957874,39.7581110957762,104.982596331725,86.3920758392845
IL,ST. CLAIR,278,148,278,53.2374100719425,100,257070,39.1,57473,1745.51095824692,-89.928247162666,38.4702325667799,108.141751273972,147.274927599529
IL,STEPHENSON,30,30,30,100,100,44573,45.5,50466,1463.23463827413,-89.662359582995,42.3516847582475,67.3053193637404,30.4619634022425
IL,TAZEWELL,291,178,291,61.1683848797251,100,131296,41.3,66220,1703.91402719454,-89.5134790880016,40.5074380923999,221.636607360468,77.0555309155923
IL,VERMILION,88,55,88,62.5,100,74010,40.8,46842,2334.22404762816,-87.7328267807367,40.1830160644245,118.902850966086,31.7064679696033
IL,WHITESIDE,92,48,92,52.1739130434783,100,55574,43.6,57172,1804.19440162552,-89.9141063153189,41.7562335691327,165.545039047036,30.8026673566493
IL,WILL,905,474,872,52.3756906077348,96.353591160221,696909,38.1,90800,2199.53948548306,-87.9784648496491,41.4449494512354,129.859135123811,316.843141302802
IL,WILLIAMSON,78,41,78,52.5641025641026,100,67121,41,52076,1150.82270753353,-88.9299208047851,37.7302454040919,116.208042192458,58.3243618331579
IL,WINNEBAGO,423,221,423,52.2458628841608,100,284963,39.8,55310,1344.6388420449,-89.1608120693513,42.3361810375595,148.440323831515,211.925307442877
IL,WOODFORD,18,0,18,0,100,38407,40.3,74777,1405.29321557185,-89.2110919952157,40.7882061147176,46.8664566355092,27.3302393937562
IN,ALLEN,500,265,488,53,97.6,386123,36,57104,1709.4261998816,-85.066594016265,41.0908230124785,129.492415629217,225.87871885124
IN,BARTHOLOMEW,18,0,18,0,100,82215,38,66978,1060.66256978617,-85.8976411952989,39.2058988077735,21.8938149972633,77.5128701077613
IN,CASS,12,0,12,0,100,37794,40.6,49020,1074.73512765086,-86.3458815814775,40.7614599501409,31.7510715986665,35.165873923382
IN,CLARK,22,11,22,50,100,121377,39.1,57111,974.879162937802,-85.7073892658155,38.4771629766092,18.1253449994645,124.504661310259
IN,DEARBORN,15,0,15,0,100,50756,42.6,70779,796.220674794756,-84.9733210121376,39.1450738967308,29.5531562770904,63.7461467740504
IN,DECATUR,24,11,24,45.8333333333333,100,26476,39.6,60794,967.072589091924,-85.5011986473661,39.3069470927398,90.6481341592386,27.3774691772216
IN,DEKALB,20,0,20,0,100,43306,38.5,58415,942.416875199251,-84.9990636733995,41.397532093675,46.1829769546945,45.9520634017128
IN,DELAWARE,76,50,76,65.7894736842105,100,111757,35.7,45910,1025.27523532436,-85.3968962421394,40.2274789601372,68.0046887443292,109.001950061385
IN,DUBOIS,13,13,13,100,100,43644,40.3,62846,1127.53471586565,-86.8798454414619,38.3642235766373,29.7864540372102,38.707455642723
IN,ELKHART,240,130,240,54.1666666666667,100,207009,35.6,58509,1211.77495892247,-85.8587304252826,41.5973092369146,115.936988246888,170.831224457778
IN,FLOYD,44,26,44,59.0909090909091,100,80515,39.9,67603,386.046671044943,-85.9068050767583,38.3189035429746,54.6482021983481,208.562865681664
IN,GIBSON,16,0,16,0,100,33058,40.6,56638,1292.37288179726,-87.5846501209975,38.3118617435059,48.3997822009801,25.5793049092978
IN,GRANT,66,43,66,65.1515151515152,100,66507,40.2,46900,1074.68414690531,-85.6547143507762,40.5157657162772,99.2376742297803,61.8851596457579
IN,GREENE,14,0,14,0,100,30805,43.1,51777,1414.01951830815,-86.9620399204817,39.0363694057304,45.4471676675864,21.7854135683062
IN,HAMILTON,286,153,286,53.4965034965035,100,349031,37.6,98880,1042.31813852565,-86.0520293753137,40.0724255960186,81.9411456288983,334.86033399908
IN,HANCOCK,17,0,17,0,100,80180,40.1,75647,795.055787052683,-85.7732912090141,39.823524188962,21.2022948366176,100.848269147542
IN,HARRISON,12,12,12,100,100,39673,42.6,59169,1260.19035484659,-86.1112279150745,38.1950349049872,30.2472714440552,31.4817518221917
IN,HENDRICKS,215,94,215,43.7209302325581,100,175615,37.9,84754,1058.59313144232,-86.5099785714762,39.7694471234802,122.426899752299,165.89470948175
IN,HOWARD,11,0,11,0,100,83587,41.4,56387,761.239155849744,-86.1169634983352,40.483660771013,13.1599411391724,109.803863027375
IN,JEFFERSON,19,0,19,0,100,33103,41.1,51981,940.136104352256,-85.4386351055326,38.7857724530253,57.3966105791016,35.2108592008682
IN,JOHNSON,249,149,249,59.8393574297189,100,162263,37.6,72928,833.487651485648,-86.1016004047538,39.4898914334732,153.454576828975,194.679548894066
IN,KNOX,11,11,11,100,100,36257,39.2,47394,1357.51495476064,-87.4182849349585,38.6889052118487,30.3389690266707,26.708361386997
IN,LAGRANGE,11,0,11,0,100,40533,31.8,69331,1001.77081685153,-85.4264926071826,41.6426207035809,27.1383810722128,40.4613503589487
IN,LAKE,649,350,636,53.9291217257319,97.9969183359014,498963,39.1,57530,1308.21990222177,-87.3822059933843,41.4168806694838,130.069764691971,381.406061131315
IN,LAPORTE,63,28,63,44.4444444444444,100,112287,40.3,57010,1564.2266569911,-86.7400998536598,41.5457898052128,56.1062277912848,71.7843539477787
IN,LAWRENCE,13,0,13,0,100,45009,43.5,57740,1170.65294055088,-86.4834659234309,38.8411107805727,28.8831122664356,38.4477742641811
IN,MADISON,208,85,208,40.8653846153846,100,130160,40.5,51476,1172.92149885229,-85.7193575998163,40.1614098814186,159.80331899201,110.970768399558
IN,MARION,1639,890,1549,54.3014032946919,94.5088468578401,976706,34.4,51219,1043.79885544564,-86.1384785946509,39.7816557082722,167.808941482903,935.722428611977
IN,MONROE,38,13,38,34.2105263157895,100,140645,29.9,52229,1065.28194307518,-86.5230990254434,39.1608013650331,27.0183796082335,132.026080902109
IN,MORGAN,23,23,23,100,100,71842,41.4,67680,1060.56867626868,-86.4462404247886,39.4815332709682,32.0146989226358,67.7391305320808
IN,NOBLE,13,0,13,0,100,47468,38.9,58947,1081.13155014404,-85.4174772614057,41.3985875490245,27.3868711553046,43.905850304411
IN,OWEN,22,11,22,50,100,21324,45.3,52204,1004.55974654947,-86.8377502615262,39.3127464592663,103.170136934909,21.2272093056139
IN,PORTER,141,75,141,53.1914893617021,100,173338,39.4,72255,1088.95873259039,-87.06726701278,41.460352100701,81.3439638163588,159.177749176654
IN,RANDOLPH,11,0,11,0,100,24415,42.9,53322,1173.66958196809,-85.0114448904223,40.1575325812876,45.0542699160352,20.8022772125177
IN,RIPLEY,22,11,22,50,100,28985,40.6,60055,1160.26617515817,-85.2624548934517,39.1033552589054,75.9013282732448,24.9813367144385
IN,SHELBY,11,0,11,0,100,45066,40.6,59712,1069.09073195244,-85.7916623129489,39.5236057790376,24.4086450983003,42.1535784130292
IN,ST. JOSEPH,318,127,318,39.937106918239,100,272688,36.7,54433,1194.44251229771,-86.2898650591702,41.6166102701106,116.616792818166,228.297299528831
IN,STEUBEN,11,0,11,0,100,34447,43.6,58905,835.243598430713,-85.0008597062311,41.6438708787282,31.9331146398816,41.2418605359207
IN,TIPPECANOE,116,68,116,58.6206896551724,100,186391,28.4,51926,1303.18035143017,-86.8940581945493,40.388524457154,62.2347645540826,143.027785674827
IN,VANDERBURGH,251,135,251,53.7848605577689,100,180345,38.6,51179,613.225987127767,-87.5858385035138,38.0248829565392,139.177687210624,294.092233182585
IN,VIGO,60,13,60,21.6666666666667,100,106133,36.4,47261,1062.96929774733,-87.3900291044135,39.4305198381186,56.5328408694751,99.8457812703708
IN,WARRICK,25,0,25,0,100,63994,41.5,79079,1012.94391514504,-87.2721702992704,38.0921354542009,39.0661624527299,63.1762519555062
IN,WAYNE,53,15,53,28.3018867924528,100,66514,40.5,47756,1047.21394491353,-85.0098459416789,39.8643407563846,79.682472862856,63.5151969882262
IN,WELLS,12,0,12,0,100,28160,40.7,57565,958.875001504303,-85.2212533544968,40.729062227165,42.6136363636364,29.367748617726
KS,BARTON,11,0,11,0,100,25426,39.5,48863,2332.75177189538,-98.7564581223912,38.4788543648337,43.2628018563675,10.899573759338
KS,BUTLER,34,23,34,67.6470588235294,100,67389,38.7,66405,3746.8735015167,-96.839045410189,37.7809675757854,50.4533380818828,17.9853950160638
KS,COWLEY,30,16,30,53.3333333333333,100,34535,38.7,50786,2932.66513106672,-96.8375252803533,37.2376045206974,86.8683943825105,11.7759779779011
KS,CRAWFORD,11,11,11,100,100,38951,33.6,42615,1541.07136165923,-94.8518097090758,37.5072723548986,28.2406099971759,25.2752734033436
KS,DOUGLAS,40,23,40,57.5,100,118787,30.2,61020,1229.1693524448,-95.2925399877034,38.8846280536705,33.6737185045502,96.6400600240598
KS,ELLIS,23,11,23,47.8260869565218,100,28951,33.2,57053,2331.98085576892,-99.3172717618831,38.9146184510881,79.4445787710269,12.4147674404703
KS,FORD,11,11,11,100,100,34218,32.5,53743,2846.3485437967,-99.8879363993029,37.6916544821427,32.1468233093693,12.0217181675007
KS,HARVEY,24,12,24,50,100,33996,39.2,58782,1400.39543877465,-97.4272328520938,38.043242214022,70.5965407695023,24.2760002344385
KS,JOHNSON,847,442,833,52.1841794569067,98.3471074380165,611161,37.8,91650,1242.77116520727,-94.8223523737755,38.8837300313133,138.588686123624,491.77275520234
KS,LYON,11,11,11,100,100,32113,33.8,50141,2215.67287925837,-96.1526547255842,38.4558924243882,34.2540404197677,14.4935654990501
KS,MCPHERSON,32,18,32,56.25,100,30184,40.7,59928,2332.43051344122,-97.6480181202797,38.3915442291899,106.016432547045,12.9410071708705
KS,MONTGOMERY,25,11,25,44,100,31400,40.3,45288,1687.46907448941,-95.74287922735,37.1924304512116,79.6178343949045,18.6077484172567
KS,RENO,112,63,112,56.25,100,61894,40.9,51520,3294.54180162305,-98.0859853360807,37.9529496267307,180.954535173038,18.7868309849667
KS,SALINE,73,42,73,57.5342465753425,100,54248,39.1,51830,1868.18835823631,-97.6499524894231,38.7837782953582,134.567172983336,29.0377572265858
KS,SEDGWICK,800,455,783,56.875,97.875,524837,35.5,57540,2613.44399222135,-97.4610596132046,37.6846994648993,152.428277731943,200.821981095491
KS,SHAWNEE,307,166,307,54.071661237785,100,178711,39.4,58652,1439.42773900993,-95.7564292680125,39.0414414421442,171.785732271657,124.154200420593
KS,WYANDOTTE,39,14,39,35.8974358974359,100,168920,33.9,48093,404.316031035328,-94.7645412767898,39.1146205945391,23.0878522377457,417.791991990643
KY,BOYLE,27,12,27,44.4444444444444,100,30761,40.1,51562,473.538197213543,-84.866880493383,37.6243971060091,87.773479405741,64.9599128032502
KY,DAVIESS,41,28,41,68.2926829268293,100,103398,38.9,54881,1234.50387694892,-87.0873044609681,37.7317869090218,39.6526044991199,83.7567235961614
KY,FAYETTE,238,111,238,46.6386554621849,100,322628,34.8,58954,739.523216988501,-84.4586801124876,38.042270830239,73.7691706857433,436.264869835746
KY,FLOYD,13,0,13,0,100,35802,42.6,35096,1024.94440119066,-82.7456465238491,37.5569874873566,36.3108206245461,34.9306752233678
KY,GRAVES,16,0,16,0,100,36530,39.6,45614,1442.00904905327,-88.6512030390923,36.7229398349081,43.7996167533534,25.3327120408733
KY,HARDIN,178,80,178,44.9438202247191,100,110840,37,57101,1632.48901192068,-85.9635528000963,37.6977916996115,160.591844099603,67.8963222359415
KY,HOPKINS,50,19,50,38,100,45365,41.5,47014,1435.8526804299,-87.54089549045,37.3087743596364,110.217127741651,31.5944669103641
KY,JEFFERSON,1183,588,1137,49.7041420118343,96.1115807269653,782896,38.4,58196,1029.83881463467,-85.65922402058,38.1871790247428,151.105638552247,760.212169977038
KY,JESSAMINE,11,11,11,100,100,53019,38.1,64855,452.031310012023,-84.5809415722081,37.8720415045602,20.7472792772402,117.290547857382
KY,KENTON,23,0,23,0,100,169276,37.3,66541,425.412303611864,-84.5332921344392,38.9333077697144,13.5872775821735,397.910447259757
KY,MADISON,54,11,54,20.3703703703704,100,92990,34.1,51649,1148.02652955924,-84.2779742958689,37.7201075213554,58.0707602968061,80.999870304131
KY,MCCRACKEN,16,16,16,100,100,67926,42.3,47011,694.080129591362,-88.712535589826,37.0539453844303,23.555045196243,97.8647811744607
KY,MERCER,12,0,12,0,100,22652,43.2,52312,655.979000654953,-84.8744548194453,37.8110060519009,52.9754547059862,34.5315932025011
KY,OLDHAM,14,14,14,100,100,67696,39.3,103761,508.828698322924,-85.4483449061461,38.3994236407326,20.680690144174,133.042810327175
KY,PERRY,41,0,41,0,100,28369,41.3,39594,887.237842317091,-83.2212859187933,37.2442221670943,144.523952201347,31.9745153406804
KY,SHELBY,12,0,12,0,100,48255,39.3,72564,998.741181580577,-85.1947713514158,38.2154320073959,24.8678893378925,48.3158208452295
KY,WARREN,81,59,81,72.8395061728395,100,135033,32.9,54325,1418.17098562914,-86.4237787116901,36.9935442707368,59.9853369176424,95.2163042174326
LA,ACADIA,11,0,11,0,100,57481,37,44412,1702.94585800114,-92.4120166558043,30.2904963903359,19.1367582331553,33.7538623027447
LA,BOSSIER,14,14,14,100,100,128759,35.5,55448,2246.57490732316,-93.6048214122875,32.6785554928607,10.873026351556,57.313468418206
LA,CADDO,185,84,185,45.4054054054054,100,236912,37.8,42003,2425.17024418471,-93.8821363567014,32.5796165661197,78.0880664550551,97.6888119784946
LA,CALCASIEU,134,81,134,60.4477611940299,100,216493,36.1,52866,2834.23613388522,-93.3579257205704,30.2293816608104,61.8957656829551,76.3849551601149
LA,EAST BATON ROUGE,261,132,250,50.5747126436782,95.7854406130268,455916,34.2,56076,1217.9379365208,-91.0955980118873,30.5381753889904,57.2473876766773,374.334345231404
LA,JEFFERSON,547,275,515,50.2742230347349,94.1499085923217,439747,39.5,54825,1323.92227685174,-90.1271149727158,29.7867296622338,124.389705899074,332.154694946072
LA,LAFAYETTE,25,14,25,56,100,242178,35.5,58761,697.335633372828,-92.0638747244957,30.2067215782233,10.3229855725954,347.290441517593
LA,LAFOURCHE,24,11,24,45.8333333333333,100,97446,38.1,54530,3215.85782185272,-90.4249578784074,29.5661283947376,24.6290253063235,30.3017127616231
LA,LIVINGSTON,69,69,69,100,100,142846,36.8,67365,1790.99089918625,-90.7277824431579,30.4400934501292,48.3037676938801,79.7580825591594
LA,ORLEANS,408,185,341,45.343137254902,83.578431372549,383374,37.2,43258,901.765543663659,-89.9289223900862,30.0687117662893,106.423492464278,425.137113181817
LA,OUACHITA,160,54,160,33.75,100,160114,36.2,44934,1636.16360809184,-92.1549498353351,32.4782816090587,99.9288007294803,97.8594067293375
LA,RAPIDES,39,12,39,30.7692307692308,100,129658,37.5,48013,3526.4021329024,-92.5332670625781,31.1985811803255,30.0791312529886,36.7677862913737
LA,ST. LANDRY,23,11,23,47.8260869565218,100,82310,36.8,40859,2431.9465052209,-92.0059228417728,30.5987978550796,27.9431417810716,33.8453168370674
LA,ST. TAMMANY,339,154,326,45.4277286135693,96.165191740413,265007,40.4,70730,2812.18210171033,-89.9581017846947,30.4101672183828,127.921149252661,94.2353625815435
LA,TANGIPAHOA,57,35,57,61.4035087719298,100,133642,35.5,48745,2185.91448411937,-90.4055408495924,30.6263082755945,42.6512623277114,61.1377988347243
LA,TERREBONNE,23,11,23,47.8260869565218,100,109413,36.1,52224,3847.22534850072,-90.8662954205299,29.4147736410747,21.0212680394469,28.4394570343114
MA,BARNSTABLE,300,181,300,60.3333333333333,100,228060,53.7,76863,1165.39267797768,-70.2918981347715,41.7241724764074,131.544330439358,195.693695618335
MA,BERKSHIRE,220,99,220,45,100,129812,47.2,62166,2450.98878836533,-73.2066364955632,42.3701224273419,169.475857393769,52.9631145667447
MA,BRISTOL,1872,930,1774,49.6794871794872,94.7649572649573,576776,41,71450,1528.32188471856,-71.1141026703387,41.796891122128,324.562741861659,377.391703781179
MA,ESSEX,2501,1206,2441,48.2207117153139,97.6009596161535,807781,40.9,82225,1378.53723955172,-70.9519137991629,42.6729949645583,309.613620523384,585.969661771834
MA,FRANKLIN,30,14,30,46.6666666666667,100,70934,47,61198,1876.21455608014,-72.5916956075476,42.5831067630029,42.2928355936504,37.8069766968433
MA,HAMPDEN,1213,579,1213,47.7328936521022,100,463714,39.4,57623,1642.71328813778,-72.631455754164,42.135280374776,261.583648541989,282.285413619365
MA,HAMPSHIRE,170,90,170,52.9411764705882,100,148589,36.6,73518,1412.23291434225,-72.6635540651115,42.3402360894489,114.409545794103,105.215647143592
MA,MIDDLESEX,3970,1960,3842,49.3702770780856,96.7758186397985,1627578,38.5,106202,2194.06727346495,-71.3916452397721,42.4853768599471,243.920721464655,741.808612563492
MA,NORFOLK,1682,795,1659,47.2651605231867,98.6325802615933,723750,40.9,105320,1069.18921877341,-71.2112798697159,42.1606876464806,232.400690846287,676.914794212286
MA,PLYMOUTH,1241,618,1219,49.798549556809,98.2272360999194,528454,42.7,92906,1820.14793248377,-70.8112782873969,41.9508764311278,234.835955447399,290.33574171022
MA,SUFFOLK,1295,665,1238,51.3513513513514,95.5984555984556,797239,33,74881,171.686448360277,-71.07092838765,42.3335628748342,162.43560588481,4643.57558569227
MA,WORCESTER,2255,1091,2132,48.3813747228381,94.5454545454546,857092,40.2,77155,4089.97561564129,-71.907399230245,42.3509999376649,263.09894387067,209.559195590855
MD,ALLEGANY,83,23,83,27.710843373494,100,67950,41.4,49449,1108.07243527832,-78.6977497978677,39.6215441908424,122.14863870493,61.3227058418189
MD,ANNE ARUNDEL,127,56,127,44.0944881889764,100,593412,38.5,103225,1163.99685139113,-76.605031098725,39.0062705808817,21.4016568589782,509.805502730349
MD,BALTIMORE,704,321,704,45.5965909090909,100,853338,39.5,78724,1608.91170294122,-76.6391467716078,39.4625572444103,82.4995488305923,530.382120062914
MD,BALTIMORE,704,321,704,45.5965909090909,100,853338,39.5,78724,223.810404014603,-76.6144297350654,39.3050649164514,82.4995488305923,3812.77181352268
MD,CARROLL,54,16,54,29.6296296296296,100,172910,42.2,99569,1172.8224179439,-77.0225239384168,39.5627780292505,31.2301197154589,147.430674375351
MD,CECIL,35,22,35,62.8571428571429,100,103805,40.7,79415,975.6317190989,-75.9406131505866,39.5711340713967,33.7170656519436,106.397729766182
MD,CHARLES,24,0,24,0,100,166692,38.5,103678,1254.45276026864,-76.9921819665705,38.5072707539078,14.397811532647,132.880252871621
MD,FREDERICK,112,58,112,51.7857142857143,100,272787,39,100685,1728.96825534252,-77.3980636064901,39.4720887910744,41.0576750358338,157.774441003811
MD,HARFORD,53,38,53,71.6981132075472,100,261245,40.8,94003,1169.19925962833,-76.3169238443,39.5610216530348,20.2874696166434,223.439245148895
MD,HOWARD,12,0,12,0,100,332821,38.7,124042,656.215703819291,-76.9310848989962,39.2507122294413,3.60554171761998,507.182315301087
MD,MONTGOMERY,694,346,676,49.8559077809798,97.4063400576369,1060856,39.4,111812,1312.96315691064,-77.2040937585879,39.1363142392686,65.4188692904598,807.986114778851
MD,PRINCE GEORGE'S,581,345,491,59.3803786574871,84.5094664371773,965398,37.5,86994,1291.9145349456,-76.8472676783238,38.8293150130837,60.1824325304175,747.261505220737
MD,ST. MARY'S,40,40,40,100,100,114006,36.5,95864,1041.24170802476,-76.6055812484443,38.3023399651622,35.0858726733681,109.490427747339
MD,WASHINGTON,92,43,92,46.7391304347826,100,154677,40.7,63510,1210.58022074296,-77.8137470802026,39.6036242198972,59.4787848225657,127.770962510085
MD,WORCESTER,12,0,12,0,100,52522,50.5,65396,1513.84373478022,-75.3342715315841,38.212659083297,22.8475686379041,34.6944660094823
ME,ANDROSCOGGIN,104,61,104,58.6538461538462,100,111178,40.7,55002,1287.44616273868,-70.2065075575687,44.1655008981596,93.5436867006062,86.3554556436756
ME,AROOSTOOK,24,12,24,50,100,67053,48,43791,17682.0671907745,-68.5952974620469,46.6564269872506,35.7925819873831,3.79214711020804
ME,CUMBERLAND,181,67,181,37.0165745856354,100,303606,42.1,76014,2465.98658416191,-70.3984920576055,43.8463060576275,59.6167401171255,123.117458119985
ME,KENNEBEC,41,28,41,68.2926829268293,100,124723,44.1,55368,2463.99174579767,-69.7676455753507,44.408900981682,32.8728462272396,50.6182702164951
ME,PENOBSCOT,88,64,88,72.7272727272727,100,152179,42.2,52128,9215.24509649506,-68.650822073213,45.3970110418252,57.8266383666603,16.5138309840375
ME,YORK,69,28,69,40.5797101449275,100,212263,45.3,68932,2652.90213667462,-70.7142727332409,43.4777695524711,32.5068429259928,80.01162088326
MI,ALLEGAN,75,54,64,72,85.3333333333334,120661,40.2,65071,2182.28818950377,-85.8884676195234,42.5912586569579,62.1576151366224,55.2910475254128
MI,BARRY,36,24,36,66.6666666666667,100,62607,42.2,65557,1494.5515107313,-85.3089570433985,42.5949434909071,57.5015573338445,41.8901587201674
MI,BAY,228,89,228,39.0350877192983,100,103747,43.6,48290,1170.00347012686,-83.9912829600185,43.7077494699611,219.765390806481,88.6723865774102
MI,BERRIEN,172,102,172,59.3023255813954,100,154426,42.3,52500,1503.60351491199,-86.4124953477642,41.9544554037539,111.380207996063,102.703936555402
MI,BRANCH,25,14,25,56,100,44878,41.3,52782,1345.84628202256,-85.0590237224351,41.9160789578116,55.7065822897634,33.3455615247207
MI,CALHOUN,201,110,201,54.726368159204,100,134219,40.1,50219,1860.63250062433,-85.0055783419685,42.2464865401034,149.755250746914,72.1362224700274
MI,CLARE,16,16,16,100,100,30843,47.7,41163,1489.83206482369,-84.8478618272868,43.9877975123796,51.875628181435,20.7023333221453
MI,DELTA,40,15,40,37.5,100,36874,47.5,47008,3069.05327704539,-86.9244834550015,45.9189363807429,108.477518034387,12.0147800221634
MI,DICKINSON,27,0,27,0,100,25907,47.4,51704,2011.40603099237,-87.8702573372642,46.0088369163509,104.218936966843,12.8800449043191
MI,EATON,142,82,142,57.7464788732394,100,109199,41.1,67440,1500.70760431993,-84.8383008893734,42.5959820950223,130.037820859165,72.7650074442619
MI,GENESEE,1013,546,923,53.8993089832182,91.1154985192498,405793,40.5,50269,1682.42406235246,-83.706786570479,43.0215548481604,249.634665950374,241.195432875941
MI,GRAND TRAVERSE,36,36,36,100,100,95427,43,66457,1270.6362521782,-85.5605682564074,44.6686529467173,37.7251721210978,75.1017451583124
MI,GRATIOT,53,11,53,20.7547169811321,100,41687,40,49795,1480.47827786086,-84.6049169764405,43.2926362298766,127.137956677142,28.1577923995166
MI,HURON,28,13,28,46.4285714285714,100,31372,49.3,49541,2196.72999497148,-83.0233367105365,43.8333690817934,89.2515619023333,14.2812271293302
MI,INGHAM,245,148,245,60.4081632653061,100,285007,32.4,55253,1452.18370851025,-84.373544748989,42.5969993308243,85.9628009136618,196.260981534064
MI,IONIA,12,12,12,100,100,66891,38.6,60139,1502.2091554655,-85.0746031498415,42.9450004013639,17.9396331345024,44.5284198652564
MI,IOSCO,12,12,12,100,100,25189,52.9,42628,1467.04106361695,-83.6359770163075,44.3557673504903,47.6398427885188,17.1699352013346
MI,ISABELLA,21,0,21,0,100,64521,28.7,46783,1496.32012458034,-84.8467846201756,43.6405115036696,32.5475426605291,43.1197836212325
MI,JACKSON,279,161,267,57.7060931899642,95.6989247311828,160223,41.6,54511,1873.79204290965,-84.4234284992513,42.2484327091978,174.132303102551,85.5073542479153
MI,KALAMAZOO,249,136,249,54.6184738955823,100,261814,34.5,58836,1502.88540062548,-85.5311817666523,42.2453674465444,95.1056857158135,174.20756092982
MI,KENT,1048,522,992,49.8091603053435,94.6564885496183,658524,35.4,65722,2258.28077968759,-85.5492865688785,43.0318356193813,159.143782155244,291.604129089342
MI,LAPEER,141,94,141,66.6666666666667,100,88587,44.2,65197,1716.70374165312,-83.2218035568543,43.0899687568285,159.16556605371,51.6029631966049
MI,LENAWEE,74,26,74,35.1351351351351,100,99318,42.1,57314,1971.61468559104,-84.0664006903621,41.895064030189,74.5081455526692,50.3739400633582
MI,LIVINGSTON,209,128,197,61.244019138756,94.2583732057416,193989,43.7,84274,1516.3918177284,-83.9115166380755,42.6028176842692,107.738067622391,127.928018162615
MI,MACOMB,2719,1470,2411,54.0639941154836,88.6723059948511,880294,41,64641,1255.10232913027,-82.93233186643,42.6953260417094,308.874080704855,701.372294169835
MI,MARQUETTE,14,0,14,0,100,66544,39.2,54585,4844.90527860019,-87.6406189305029,46.4306948283224,21.0387112286607,13.7348402442299
MI,MECOSTA,11,11,11,100,100,40426,38,45797,1479.31267930796,-85.3245995474662,43.6406736299693,27.2102112501855,27.3275559423393
MI,MIDLAND,35,22,35,62.8571428571429,100,83493,41.7,64078,1367.58750491605,-84.3881442909591,43.6467327549919,41.9196818894997,61.0513036276426
MI,MONROE,188,69,188,36.7021276595745,100,154909,42.8,65453,1461.82900516559,-83.5376243254273,41.9286063300154,121.361573568999,105.969302464656
MI,MONTCALM,43,43,43,100,100,66659,40.8,52390,1866.85953517844,-85.1523415685461,43.3109299537061,64.5074183531106,35.7064892906517
MI,MUSKEGON,270,173,270,64.0740740740741,100,174794,39.3,53478,1365.95843198891,-86.1518538814479,43.2911720632336,154.467544652562,127.964362535901
MI,NEWAYGO,25,25,25,100,100,50095,42.4,51470,2232.02235518338,-85.800923046371,43.5538735823122,49.9051801577004,22.4437716242696
MI,OAKLAND,3032,1536,2828,50.6596306068602,93.2717678100264,1272526,41,81587,2349.62037917356,-83.3858108080224,42.6602387670698,238.26625153435,541.58791406448
MI,OTTAWA,450,232,450,51.5555555555556,100,296899,35.5,72418,1494.72558180729,-85.9961341224216,42.9597061120024,151.566694397758,198.631109023381
MI,ROSCOMMON,12,12,12,100,100,23465,56.6,41828,1502.36899662463,-84.6115644918276,44.335462882975,51.1399957383337,15.618666288188
MI,SAGINAW,458,228,458,49.7816593886463,100,189883,41,49565,2113.49996410614,-84.0532655763778,43.3349738997261,241.201160714756,89.8429161224552
MI,SHIAWASSEE,59,22,59,37.2881355932203,100,68004,43,56436,1401.04183153434,-84.146728358799,42.9536251769593,86.7596023763308,48.5381652919857
MI,ST. CLAIR,448,246,396,54.9107142857143,88.3928571428571,160394,44,58722,1934.21384533951,-82.6803100623435,42.9337515435153,279.312193722957,82.9246468204485
MI,TUSCOLA,53,40,53,75.4716981132076,100,53311,44.8,51891,2111.94313380655,-83.417009919662,43.4643707406056,99.4166307141115,25.2426304224929
MI,VAN BUREN,49,33,49,67.3469387755102,100,75566,41.1,56652,1614.03814822982,-86.0188958825471,42.2512329168286,64.843977450176,46.8179764418059
MI,WASHTENAW,220,138,220,62.7272727272727,100,371849,33.9,75730,1871.05152494733,-83.838780095928,42.2531666900814,59.1638003598235,198.73797970928
MI,WAYNE,5848,2975,4711,50.8720930232558,80.5574555403557,1789655,37.9,49359,1643.69541091878,-83.2822532859889,42.2817700825515,326.766890825327,1088.79965723068
MN,ANOKA,457,241,434,52.7352297592998,94.9671772428884,364502,38.6,84379,1155.38592740704,-93.2464137601316,45.2731828506317,125.376541143807,315.480733626408
MN,BECKER,28,17,28,60.7142857142857,100,35205,42.3,60508,3742.62265164936,-95.6739423778436,46.9346487484643,79.5341570799602,9.40650535112999
MN,BENTON,59,23,59,38.9830508474576,100,41358,36,60564,1069.78116366243,-93.9987646655027,45.6990679018555,142.65680158615,38.6602432392899
MN,BLUE EARTH,16,0,16,0,100,69196,31.3,61058,1982.85333221358,-94.0670171207521,44.0344986056407,23.1227238568703,34.8971852208314
MN,BROWN,13,13,13,100,100,25911,42,59804,1601.28507657514,-94.727605308791,44.2421351143213,50.171741731311,16.1813785559153
MN,CARLTON,26,13,26,50,100,36187,41.2,66201,2266.88634056192,-92.6770185314372,46.5923903678636,71.8490065493133,15.9633058581269
MN,CARVER,13,0,13,0,100,107307,38.1,104011,974.20951428009,-93.8025403233231,44.820737587647,12.1147735003308,110.147764343378
MN,CASS,11,11,11,100,100,30162,48.9,53845,6251.67532732014,-94.3264369508007,46.9481075757599,36.4697301239971,4.82462674736011
MN,CHISAGO,24,12,24,50,100,56718,41.3,86900,1145.6638126439,-92.9080809859547,45.5022280440725,42.3146091187983,49.5066697350852
MN,CLAY,13,0,13,0,100,65359,32.7,66069,2726.54371193233,-96.4905963127275,46.8920155092659,19.8901451980599,23.9713743498649
MN,CROW WING,43,17,43,39.5348837209302,100,66285,44.7,57779,2995.69953655778,-94.0709592945504,46.4818310582538,64.8713887003093,22.1267183811648
MN,DAKOTA,468,197,453,42.0940170940171,96.7948717948718,440436,38,88468,1519.74648634181,-93.0654056066252,44.6717518972331,106.258344004577,289.808862174227
MN,DOUGLAS,45,16,45,35.5555555555556,100,39093,44.3,65430,1864.95923868486,-95.4535136353338,45.9336498094576,115.110122016729,20.9618522427159
MN,GOODHUE,27,0,27,0,100,47579,42.6,69334,2021.24977470706,-92.7227863514725,44.4097411724712,56.7477248365876,23.5393965631465
MN,HENNEPIN,2160,1150,2113,53.2407407407408,97.8240740740741,1281722,36.7,81169,1571.11988911602,-93.4767577208635,45.0044445756145,168.523283520139,815.80152404611
MN,HUBBARD,11,11,11,100,100,21389,49,58475,2588.75011885305,-94.9166087625892,47.1081001553379,51.4283042685493,8.26228837006346
MN,ISANTI,11,11,11,100,100,41390,39.8,76999,1169.74252066964,-93.2950539257476,45.5613918317753,26.5764677458323,35.3838552233747
MN,KANDIYOHI,48,27,48,56.25,100,43723,39,64252,2233.27550018454,-95.0047070157465,45.1520286595771,109.78203691421,19.5779696667013
MN,LYON,13,13,13,100,100,25426,35.9,57274,1868.65141061912,-95.8389975054615,44.4133280334082,51.1287658302525,13.6066041293255
MN,MCLEOD,31,20,31,64.5161290322581,100,36751,40.9,62885,1309.10075772586,-94.2724790506182,44.8234744116138,84.3514462191505,28.0734693514677
MN,MEEKER,27,16,27,59.2592592592593,100,23433,41.8,63841,1669.83737393666,-94.5273728344147,45.1229369930065,115.222122647548,14.0331030828208
MN,MILLE LACS,19,19,19,100,100,26456,40.4,57173,1765.53582210365,-93.6301231184259,45.9372982773964,71.817357121258,14.9846860475918
MN,MORRISON,15,15,15,100,100,34003,41.9,58826,2987.5971398369,-94.2681586209613,46.0125197546249,44.1137546687057,11.3813872515142
MN,NOBLES,12,12,12,100,100,22207,36.1,56000,1871.48407488492,-95.7533657381055,43.6741732434628,54.0370153555185,11.86598395253
MN,OLMSTED,56,26,56,46.4285714285714,100,163041,37.4,80403,1696.03994750957,-92.4016748527582,44.0037061519986,34.3471887439356,96.1304008430968
MN,OTTER TAIL,57,37,57,64.9122807017544,100,60068,46.8,59456,5761.97748350239,-95.7080203921715,46.4085856513216,94.8924552174203,10.4248932197298
MN,POLK,28,13,28,46.4285714285714,100,31081,38.9,58682,5173.91536506479,-96.4004347789325,47.7738043788221,90.087191531804,6.00724940532745
MN,RAMSEY,697,308,686,44.1893830703013,98.4218077474893,551739,35.2,67238,440.500079621488,-93.0995997800618,45.0169995548291,126.32784704362,1252.52871798365
MN,RICE,28,13,28,46.4285714285714,100,67100,36.6,70600,1336.50682120494,-93.2966164224156,44.354174999633,41.7287630402385,50.205505078908
MN,SCOTT,42,25,42,59.5238095238095,100,151356,36.8,103261,954.007136687679,-93.5359988316612,44.6484548155891,27.7491477047491,158.652901198946
MN,SHERBURNE,25,25,25,100,100,97589,36.1,88671,1168.06345309674,-93.7744465603692,45.4439472663346,25.6176413325272,83.547687192228
MN,ST. LOUIS,325,170,325,52.3076923076923,100,200083,41,57480,17461.6664986008,-92.4698136578314,47.5987969083719,162.432590474953,11.4584137783202
MN,STEARNS,179,111,179,62.0111731843575,100,158488,34.8,65244,3600.27999576081,-94.612692831443,45.5521395283396,112.942304780173,44.0210206391207
MN,WASHINGTON,214,99,214,46.2616822429907,100,268400,39.5,97584,1095.57724813944,-92.8839315507418,45.0382681319511,79.7317436661699,244.985007178461
MN,WINONA,14,14,14,100,100,49672,35.6,60020,1661.63612137279,-91.7789218896213,43.9868463361714,28.184892897407,29.8934281465684
MN,WRIGHT,127,74,127,58.2677165354331,100,141875,37.1,87772,1849.73099665133,-93.9631374100055,45.1738528136674,89.5154185022027,76.7003419723431
MO,AUDRAIN,29,29,29,100,100,24781,40,44699,1804.77663812893,-91.8415017882865,39.2158501519509,117.025140228401,13.7307850048919
MO,BOONE,30,0,30,0,100,184050,31.6,58740,1789.86290125521,-92.3096683833298,38.9903412107828,16.2999185004075,102.829104883356
MO,BUCHANAN,71,27,71,38.0281690140845,100,84472,38.3,51933,1075.58448555855,-94.805967384583,39.6597572442079,84.0515200303059,78.5359040913778
MO,CAPE GIRARDEAU,78,52,78,66.6666666666667,100,81824,36.7,53776,1518.59644490506,-89.684522716434,37.3838958994861,95.3265545561205,53.8813325123485
MO,CASS,25,25,25,100,100,108162,39.9,72522,1819.62181254833,-94.3548317554877,38.646912537265,23.1134779312513,59.442022102671
MO,CHRISTIAN,49,33,49,67.3469387755102,100,89294,38.6,64442,1460.09781327421,-93.1887227802555,36.9696208723498,54.8749076085739,61.1561767904861
MO,CLAY,310,145,297,46.7741935483871,95.8064516129032,254145,37.2,72047,1058.477092744,-94.4209399505255,39.310449774589,121.977611206201,240.104393134436
MO,CLINTON,33,0,33,0,100,21218,40.6,62213,1096.75094338046,-94.4045847658426,39.6017233079683,155.528325007069,19.3462336440768
MO,COLE,74,22,74,29.7297297297297,100,76624,39,61184,1033.36571321571,-92.2816083876626,38.5053460728689,96.5754854875757,74.1499345488783
MO,FRANKLIN,109,58,109,53.2110091743119,100,104867,40.6,60129,2410.18457097219,-91.0749516634428,38.4110581874424,103.941182640869,43.5099457788413
MO,GREENE,539,284,503,52.6901669758813,93.3209647495362,299332,36.3,47053,1755.71879716754,-93.3419726791175,37.2580370548604,180.067617227694,170.489716509788
MO,HENRY,11,0,11,0,100,21982,44.3,47500,1896.76962670052,-93.7927490084252,38.3851424179566,50.0409425893913,11.5891775630329
MO,HOWELL,22,11,22,50,100,39806,40.8,39482,2404.54784401098,-91.8865614640288,36.7737701109682,55.2680500427071,16.5544637005851
MO,JACKSON,1153,571,1014,49.5229835212489,87.9444926279272,717662,36.8,56960,1596.49300498291,-94.3461835929509,39.0084112745581,160.660589525431,449.524049125214
MO,JASPER,124,81,112,65.3225806451613,90.3225806451613,122896,36.2,49155,1661.18305876792,-94.3405901713932,37.2035667504949,100.898320531181,73.9810097095203
MO,JEFFERSON,295,163,270,55.2542372881356,91.5254237288136,226947,39.6,67606,1720.13302246264,-90.5376788411064,38.2608968718032,129.986296359943,131.935726502762
MO,JOHNSON,17,17,17,100,100,54039,30.3,56440,2157.59960137696,-93.8064328057209,38.7440392600349,31.4587612650123,25.0458889432094
MO,LAFAYETTE,22,11,22,50,100,33050,42.4,62076,1655.17122281913,-93.7855969982466,39.0655818383613,66.5658093797277,19.9677227010438
MO,LINCOLN,13,0,13,0,100,59857,37.4,70424,1658.79471499646,-90.9600553256898,39.0580063530594,21.7184289222647,36.0846338964419
MO,MARION,15,0,15,0,100,28493,38.9,54277,1149.96564724751,-91.622415447011,39.8059292475903,52.6445091776928,24.7772618844738
MO,MILLER,14,0,14,0,100,24778,40.5,47964,1554.19985242224,-92.4282502146587,38.2144247261835,56.5017354104448,15.9426086428866
MO,PETTIS,12,12,12,100,100,43004,37.8,49315,1777.64692252965,-93.2851264285624,38.7281630050456,27.9043809878151,24.1915306436691
MO,PHELPS,44,15,44,34.0909090909091,100,44568,35.8,44987,1746.23924499815,-91.792588320756,37.8770368446528,98.7255429904865,25.5222760155337
MO,PLATTE,43,30,43,69.7674418604651,100,107190,38.3,82448,1105.07968598013,-94.7736852330984,39.3801995600834,40.1156824330628,96.99753000611
MO,SALINE,11,11,11,100,100,23339,36.7,47585,1986.19252491761,-93.2019483499296,39.136767430292,47.1314109430567,11.750623218647
MO,ST. CHARLES,425,213,425,50.1176470588235,100,406423,39,87644,1534.82292719776,-90.6751934384899,38.7819664940576,104.570853519609,264.801230681404
MO,ST. LOUIS,2382,1104,2286,46.3476070528967,95.9697732997481,1003376,40.4,68661,1355.51083180181,-90.4435416774414,38.6404495482568,237.398542520451,740.219831859449
MO,ST. LOUIS,2382,1104,2286,46.3476070528967,95.9697732997481,1003376,40.4,68661,171.469728219963,-90.2451341722294,38.6357969694779,237.398542520451,5851.62180179617
MO,WEBSTER,12,0,12,0,100,39008,36.4,55827,1538.02946684721,-92.8758578421696,37.2807720081486,30.7629204265792,25.3623229208749
MS,DESOTO,94,48,94,51.0638297872341,100,186129,37.1,69990,1286.92060539815,-89.9918209425387,34.8754342661973,50.502608405998,144.631299879152
MS,FORREST,14,14,14,100,100,78212,32.5,42298,1217.88892779525,-89.257804966865,31.1886879469472,17.9000664859612,64.2193210029322
MS,HARRISON,182,127,152,69.7802197802198,83.5164835164835,208835,36.5,48547,1527.76718946503,-89.1159611308014,30.5118433181459,87.1501424569637,136.692947354843
MS,HINDS,175,60,164,34.2857142857143,93.7142857142857,226772,35.3,45380,2272.58023118125,-90.442927771935,32.2666441492625,77.1700209902457,99.7861359913916
MS,JACKSON,27,16,27,59.2592592592593,100,143378,38.9,53726,1934.42493610882,-88.6356642076839,30.542269826327,18.8313409309657,74.119185150917
MS,JONES,12,12,12,100,100,67173,37.5,43391,1812.12363077409,-89.168823799104,31.6225161461819,17.8643204859095,37.068662898737
MS,LAFAYETTE,23,23,23,100,100,55916,30.5,53318,1759.38141815063,-89.4848623574951,34.3567056902737,41.1331282638243,31.7816247364804
MS,LEE,11,11,11,100,100,83319,37.5,55861,1173.8164766123,-88.6804449803578,34.2897678967857,13.202270790576,70.9812834119208
MS,LOWNDES,24,11,24,45.8333333333333,100,58783,37.5,48170,1337.39445875443,-88.4434555507799,33.4728542871054,40.828130581971,43.9533748739671
MS,MADISON,15,0,15,0,100,109252,37.4,71621,1921.69975915654,-90.0340152875021,32.6347295102319,13.7297257716106,56.8517529751641
MS,PEARL RIVER,13,0,13,0,100,56207,41.7,51538,2120.56631012877,-89.5897458443327,30.768747418328,23.1287917874998,26.505655461718
MS,RANKIN,91,46,91,50.5494505494506,100,157175,38,68310,2087.75478263038,-89.9459167476987,32.2640202680351,57.8972482901225,75.2842246166352
MS,SIMPSON,11,0,11,0,100,25890,39.9,43403,1529.4401319344,-89.9194720976116,31.9132004083425,42.4874468906914,16.92776295026
MT,CASCADE,124,82,124,66.1290322580645,100,84411,38,52049,7022.89002820405,-111.346608774687,47.3076142777237,146.900285507813,12.0194107640877
MT,FLATHEAD,46,26,46,56.5217391304348,100,104881,42.2,57763,13613.1397186553,-114.04738215182,48.293750236932,43.8592309379201,7.70439458990288
MT,GALLATIN,23,11,23,47.8260869565218,100,119607,33.4,70124,6821.00665119168,-111.170655989944,45.5369003848643,19.2296437499477,17.5350950550831
MT,LEWIS AND CLARK,40,28,40,70,100,71179,41.3,66062,9058.2910405953,-112.387621256186,47.1207989946342,56.1963500470644,7.85788397403073
MT,MISSOULA,69,40,69,57.9710144927536,100,118353,36,56247,6780.30737865517,-113.924598357303,47.0358109031667,58.3001698309295,17.4554033306193
MT,SILVER BOW,61,28,61,45.9016393442623,100,35210,40.1,49359,1861.03491705911,-112.656708533462,45.9022105433763,173.246236864527,18.9195805394347
MT,YELLOWSTONE,258,122,247,47.2868217054264,95.7364341085271,165210,38.7,62630,6860.87640434428,-108.27592580518,45.9367721623494,156.164881060469,24.0800140191113
NC,ALAMANCE,169,85,169,50.2958579881657,100,171620,39.1,51580,1124.58123471051,-79.3994421154941,36.0435959804848,98.4733714019345,152.607917243239
NC,BEAUFORT,16,0,16,0,100,44690,46.5,48051,2230.00923380064,-76.859721434676,35.4939225210466,35.8021928843142,20.0402757632686
NC,BRUNSWICK,68,46,68,67.6470588235294,100,138167,54.7,59763,2310.49081391834,-78.2378625875033,34.0709905614224,49.2158040631989,59.7998482260503
NC,BUNCOMBE,238,128,238,53.781512605042,100,269704,42.3,55032,1709.2795136791,-82.5301418059236,35.6111789289414,88.2448906949841,157.788119404463
NC,BURKE,31,14,31,45.1612903225806,100,87248,44.3,43915,1331.9359381911,-81.7046061661961,35.749574758407,35.5309004217862,65.5046519117816
NC,CABARRUS,110,52,110,47.2727272727273,100,227235,38,71177,942.540329839124,-80.5518626141462,35.3867639127848,48.4080357339318,241.087827020394
NC,CALDWELL,71,38,71,53.5211267605634,100,80584,45.1,46094,1229.10112408023,-81.5463119014369,35.9529937343659,88.1068202124491,65.5633604275674
NC,CATAWBA,204,97,204,47.5490196078431,100,160889,41.6,54690,1077.45771732374,-81.2150617728678,35.6620657114885,126.795492544549,149.322796999986
NC,CLEVELAND,79,27,79,34.1772151898734,100,99945,41.9,43512,1213.06492424456,-81.5554801357186,35.3339908670694,79.0434739106509,82.3904788626551
NC,COLUMBUS,11,11,11,100,100,50475,41.9,38487,2473.35616179092,-78.6550059794974,34.2656931526247,21.7929668152551,20.4074935829104
NC,CRAVEN,12,0,12,0,100,101505,37.6,53894,1891.96136992542,-77.0934337291298,35.124662624742,11.8220777301611,53.6506725842936
NC,CUMBERLAND,89,52,89,58.4269662921348,100,337195,31.4,48177,1705.40060972087,-78.8274726756284,35.0485488226417,26.3942229273862,197.721871376128
NC,DAVIDSON,79,64,79,81.0126582278481,100,169050,42.5,50454,1470.17839428922,-80.2126965767872,35.7932020216126,46.73173617273,114.986045677626
NC,DURHAM,22,11,22,50,100,322505,35.5,62812,771.287039685452,-78.8766268550329,36.0359155617155,6.82159966512147,418.138751730516
NC,FORSYTH,299,158,299,52.8428093645485,100,382634,38.4,53583,1067.91948543943,-80.2563243273862,36.130620038303,78.142559208016,358.298547050627
NC,GASTON,370,182,348,49.1891891891892,94.0540540540541,228625,40,53474,941.65971074388,-81.1802483459388,35.294342061726,161.837069436851,242.789404061255
NC,GUILFORD,597,318,597,53.2663316582915,100,538761,37.4,54794,1703.2884015698,-79.7888949513096,36.0794408285121,110.809802491272,316.306386812394
NC,HARNETT,36,24,36,66.6666666666667,100,133716,34.7,54565,1557.36970427381,-78.8694976907851,35.3686488364844,26.9227317598492,85.8601523023405
NC,HAYWOOD,27,12,27,44.4444444444444,100,62218,47.7,51548,1436.0723496036,-82.9820322180391,35.5559218566014,43.3958018579832,43.325115212457
NC,HENDERSON,106,62,106,58.4905660377359,100,116571,47.6,58928,971.042020245062,-82.4799869219591,35.3362810959731,90.9317068567654,120.047328096657
NC,IREDELL,93,48,93,51.6129032258065,100,187696,40.8,62551,1547.3470891464,-80.8734467165608,35.8067917581201,49.54820560907,121.30180831215
NC,JACKSON,14,0,14,0,100,42146,38.5,46820,1281.90473565594,-83.1406944757662,35.2874088726071,33.2178617187871,32.8776381174957
NC,JOHNSTON,110,47,110,42.7272727272727,100,217426,38.4,61806,2060.82519106506,-78.3657836032559,35.517709960422,50.5919255286856,105.504339204837
NC,LINCOLN,15,0,15,0,100,87169,43.6,59592,789.749529671338,-81.2234753676701,35.485663682391,17.2079523683878,110.375500997482
NC,MECKLENBURG,642,324,618,50.4672897196262,96.2616822429907,1116263,35.2,69240,1414.81136549888,-80.8327590348401,35.2465887757252,57.5133279522837,788.983625111317
NC,MOORE,78,39,78,50,100,100293,44.1,63324,1827.78832118055,-79.4812737336666,35.3105691445393,77.7721276659388,54.8712336312674
NC,NASH,38,26,38,68.421052631579,100,95159,41.7,49949,1405.75278659352,-77.9866345798027,35.9671689371746,39.9331644931115,67.6925565487181
NC,NEW HANOVER,109,76,98,69.7247706422018,89.908256880734,226442,39,56689,568.608487988051,-77.8847314215418,34.2326820770387,48.1359465116895,398.238866959648
NC,ONSLOW,23,23,23,100,100,205111,26.5,51560,2076.67857305051,-77.4320540392801,34.7320324933778,11.2134405273242,98.7687756120604
NC,PASQUOTANK,12,0,12,0,100,40270,39.6,54439,601.266375116571,-76.2837800242758,36.2954203103859,29.7988577104544,66.9753068965358
NC,PERSON,14,0,14,0,100,39187,43.6,57323,1047.00579829055,-78.971789897131,36.3899576889893,35.7261336667773,37.4276819325937
NC,PITT,12,12,12,100,100,173643,32.7,49337,1697.84509457275,-77.3744311589014,35.593201899971,6.9107306369966,102.272581023474
NC,RANDOLPH,135,85,135,62.962962962963,100,144407,41.8,48984,2045.93307870478,-79.8060160896902,35.7102739181486,93.4857728503466,70.5824650390912
NC,ROBESON,12,12,12,100,100,115967,36.7,35362,2459.48372531868,-79.1039326208924,34.6400855413913,10.3477713487458,47.1509523751672
NC,ROCKINGHAM,82,27,82,32.9268292682927,100,91214,45,45697,1483.41655611843,-79.7749911243781,36.3960163024377,89.898480496415,61.4891344065043
NC,ROWAN,202,130,202,64.3564356435644,100,146909,40.3,51054,1356.91713992735,-80.5246693444311,35.6394785185825,137.500085086686,108.266743544757
NC,RUTHERFORD,85,25,85,29.4117647058824,100,64357,45.2,43183,1469.04173787264,-81.9197985035511,35.4025363036488,132.075764874062,43.8088301651641
NC,STANLY,11,11,11,100,100,62679,42,54104,1048.8164531469,-80.2510313898079,35.3119328810011,17.5497375516521,59.761648295978
NC,STOKES,32,0,32,0,100,44579,46.6,51668,1180.42397235404,-80.2395015760609,36.4018707487594,71.782677942529,37.7652445596299
NC,SURRY,55,11,55,20,100,71371,44,44979,1392.23581246827,-80.6881088410694,36.4147680077604,77.0621120623222,51.2635857811097
NC,UNION,61,47,61,77.0491803278689,100,239688,38.6,82557,1656.16584086039,-80.5307910394268,34.9883734458187,25.4497513434131,144.724636921313
NC,WAKE,589,274,589,46.5195246179966,100,1130694,36.4,83567,2220.45859563243,-78.6505123182546,35.790185446844,52.0919010802215,509.216430436504
NC,WAYNE,23,23,23,100,100,117772,37.6,47221,1444.49497530656,-78.0040724521829,35.363868583883,19.5292599259586,81.5316093259552
NC,WILKES,44,26,44,59.0909090909091,100,65872,45.1,44980,1961.24148629438,-81.1634634632258,36.2062665783868,66.7962108331309,33.5868889478063
ND,BURLEIGH,113,53,113,46.9026548672566,100,98589,37.1,72974,4320.97344413476,-100.468677353796,46.9768248988717,114.617249388877,22.8163864635233
ND,CASS,157,90,157,57.3248407643312,100,184897,32.6,65976,4578.68684007732,-97.2479679447532,46.9326012806655,84.9121402726924,40.3821022179533
ND,GRAND FORKS,28,28,28,100,100,73132,29.9,53721,3728.39462553525,-97.4567615712529,47.9216660963214,38.2869332166493,19.614876466973
ND,MORTON,32,13,32,40.625,100,33322,37.6,72778,5038.36814457462,-101.279944438759,46.7160416453863,96.0326511013745,6.61364930942603
ND,STARK,11,0,11,0,100,33835,34.3,69412,3470.93178984412,-102.655177026005,46.8108616570654,32.510713757943,9.74810282904452
ND,STUTSMAN,48,20,48,41.6666666666667,100,21554,40.2,52815,5951.64727619998,-98.9587454901395,46.9787361835004,222.696483251369,3.62151837965805
ND,WARD,136,64,136,47.0588235294118,100,69922,31.6,68098,5324.69024541858,-101.540514748182,48.2209292065156,194.50244558222,13.1316558855535
NE,DOUGLAS,108,52,108,48.1481481481482,100,585451,34.9,66600,879.687076105898,-96.1542508750328,41.2953646703797,18.4473166840607,665.521883749401
NE,LANCASTER,16,16,16,100,100,323171,33.8,62464,2192.15617289606,-96.6877549012781,40.7838933658047,4.95093928601267,147.421522241756
NE,SARPY,11,0,11,0,100,191181,34.8,83051,641.176670976054,-96.1119914787288,41.1129409553758,5.75370983518237,298.172108646698
NH,BELKNAP,78,47,78,60.2564102564103,100,63774,47.9,67328,1217.19180661421,-71.4224345045445,43.517822212219,122.306896227303,52.3943717444141
NH,CHESHIRE,13,13,13,100,100,76542,43,64686,1888.31592212351,-72.2511422038727,42.9192052208737,16.98413942672,40.5345308500732
NH,HILLSBOROUGH,601,279,601,46.4226289517471,100,422929,40.8,82099,2311.04321936083,-71.7157803222342,42.915199924462,142.104230260871,183.003500954418
NH,MERRIMACK,64,39,64,60.9375,100,154039,43.1,77937,2472.98088115254,-71.6799224248888,43.2973710493251,41.5479196826778,62.2887953457246
NH,ROCKINGHAM,323,172,323,53.2507739938081,100,314664,44.7,93962,1881.96436061677,-71.1254349620937,42.9874718094701,102.649174993008,167.199765619832
NH,STRAFFORD,41,11,41,26.8292682926829,100,131074,36.8,72682,990.718816272558,-71.0286948897219,43.2967450463324,31.2800402825885,132.301918412277
NJ,ATLANTIC,406,223,406,54.9261083743842,100,274196,41.8,63680,1579.88318771477,-74.660892229165,39.4776925005597,148.069264321872,173.554603360653
NJ,BERGEN,2581,1410,2430,54.6299883765982,94.149554436265,953711,41.9,104623,638.056554334095,-74.0741424921371,40.9595461370809,270.627055785243,1494.7123315665
NJ,BURLINGTON,554,277,554,50,100,461694,41.6,90329,2124.24272087828,-74.6677386064707,39.8775066253795,119.992895727473,217.3452192926
NJ,CAMDEN,923,456,912,49.4041170097508,98.8082340195016,523151,38.8,70957,588.868598734748,-74.9595496743164,39.8034274996912,176.430896624493,888.400232452622
NJ,CAPE MAY,78,50,78,64.1025641025641,100,95051,50.3,72385,740.362847654775,-74.8003430542248,39.1488740199145,82.0612092455629,128.384346001545
NJ,CUMBERLAND,131,68,131,51.9083969465649,100,153724,37.6,55709,1298.54891110395,-75.1106681276114,39.3738135414594,85.2176628242825,118.38137068654
NJ,ESSEX,2512,1389,1978,55.2945859872612,78.7420382165605,860020,37.7,63959,335.270182198024,-74.2470196519423,40.7871987360963,292.086230552778,2565.15504707794
NJ,GLOUCESTER,446,228,446,51.1210762331839,100,302575,40.4,89056,872.264200362262,-75.1412159112234,39.7172426314867,147.401470709741,346.884579092363
NJ,HUDSON,1660,996,1362,60,82.0481927710844,721909,35.3,75062,149.937465544162,-74.0777301437074,40.7350796678596,229.945879605324,4814.73391176784
NJ,HUNTERDON,86,44,86,51.1627906976744,100,128793,46.6,117858,1132.86148098084,-74.9122618598767,40.5671876503462,66.7738153471074,113.688215339876
NJ,MERCER,631,286,612,45.324881141046,96.9889064976228,386492,38.8,83306,592.711182075866,-74.7016933612615,40.2834134810271,163.26340519338,652.074756960684
NJ,MIDDLESEX,1847,1003,1730,54.3042772062805,93.6654033567948,861460,39,91731,821.976830791595,-74.4118108104823,40.4390615278407,214.40345460033,1048.03440648124
NJ,MONMOUTH,1450,730,1391,50.3448275862069,95.9310344827586,642778,43.4,103523,1262.20342741879,-74.2211323886002,40.2604625221849,225.583327369636,509.250716672892
NJ,MORRIS,940,460,912,48.936170212766,97.0212765957447,508472,42.8,117298,1247.02885196946,-74.5446297533277,40.8619499997235,184.86760332919,407.74678083587
NJ,OCEAN,2564,1367,2419,53.3151326053042,94.3447737909516,638554,42.4,72679,1960.73852081347,-74.2808777190763,39.8847514790789,401.532211841129,325.670145826012
NJ,PASSAIC,1348,789,1187,58.5311572700297,88.0563798219585,523464,37.3,73562,514.249998868213,-74.3006519068487,41.0343455060534,257.51532101539,1017.91735761218
NJ,SALEM,42,14,42,33.3333333333333,100,64843,42.5,64234,903.279376284728,-75.3490267911279,39.5875887371989,64.7718335055442,71.7862066846974
NJ,SOMERSET,480,230,480,47.9166666666667,100,344788,41.8,116510,789.71990415711,-74.6163991798059,40.5633867147008,139.215981994733,436.595301935566
NJ,SUSSEX,215,126,203,58.6046511627907,94.4186046511628,143919,44.9,96222,1386.2771668345,-74.6909786829994,41.1391486465414,149.389587198355,103.816901441602
NJ,UNION,1428,812,1271,56.8627450980392,89.0056022408964,573680,38.9,82644,272.479853826245,-74.3085026855917,40.6600213727419,248.919258122995,2105.40336081442
NJ,WARREN,145,67,145,46.2068965517241,100,109520,44.5,83497,939.090420695085,-74.9974820418438,40.8570031675432,132.395909422936,116.623487564634
NM,BERNALILLO,1222,680,1042,55.6464811783961,85.2700490998363,676882,38,54308,3023.82196208004,-106.670062892368,35.0515409504116,180.533682384817,223.84981936383
NM,CHAVES,82,40,82,48.7804878048781,100,65153,36.1,46254,15735.0620576156,-104.468961319861,33.3625479200527,125.857596733842,4.14062555085168
NM,CIBOLA,11,0,11,0,100,26969,37.5,44731,11765.7886623924,-108.000341995782,34.9131432296465,40.787570914754,2.29215403861558
NM,LEA,52,19,52,36.5384615384615,100,74643,32,61867,11381.9731186366,-103.412439987233,32.7903167183671,69.6649384403092,6.5580017824661
NM,MCKINLEY,256,152,204,59.375,79.6875,72586,32.8,36179,14129.3507416876,-108.262736017116,35.5809601444378,352.685090788857,5.13724949766026
NM,SAN JUAN,269,150,221,55.7620817843866,82.1561338289963,121387,36.1,47643,14344.060598037,-108.320781940435,36.5082228081323,221.605278983746,8.46252699299191
NM,SANDOVAL,22,11,22,50,100,149301,40.3,65071,9619.77724001837,-106.864975819555,35.6881376776831,14.7353333199376,15.5202138547353
NM,SANTA FE,39,15,39,38.4615384615385,100,155056,46.8,60668,4950.77767037765,-105.976326096585,35.5061683439252,25.1522030750181,31.3195239866573
NM,VALENCIA,12,12,12,100,100,76507,38.7,50801,2764.7811236773,-106.808850235059,34.7155531305844,15.6848392957507,27.6719915890636
NV,CLARK,7734,4868,6204,62.9428497543315,80.2172226532196,2275970,37.5,61048,20876.6499817416,-115.013681367362,36.214032585608,339.811157440564,109.019885948681
NV,DOUGLAS,11,0,11,0,100,49529,52.9,71415,1911.06651956299,-119.616069994136,38.9120632728471,22.2092107654102,25.916941923783
NV,WASHOE,537,358,509,66.6666666666667,94.7858472998138,487725,38.5,68272,16937.5874143825,-119.66451346182,40.6569403953234,110.10302937106,28.7954233426332
NY,ALBANY,118,41,118,34.7457627118644,100,314024,37.9,68327,1381.23244694486,-73.9737273654761,42.6000979980955,37.5767457264413,227.350581500302
NY,BRONX,6345,3580,4877,56.4223798266352,76.8636721828211,1459323,34.5,41895,124.970733524952,-73.8659830131123,40.8500135408633,434.790652926049,11677.3180314944
NY,BROOME,37,11,37,29.7297297297297,100,198172,39.7,52237,1852.76293776486,-75.8193618718575,42.1602042655973,18.6706497386109,106.960257008957
NY,DUTCHESS,38,26,38,68.421052631579,100,295913,42.5,81842,2137.65668530622,-73.7429056932496,41.7648362353374,12.8416122306218,138.428683162288
NY,ERIE,2360,1129,2296,47.8389830508475,97.2881355932203,952353,40.2,59464,2730.32000042158,-78.7325026702819,42.7635271027667,247.807273143467,348.806366965392
NY,KINGS,11458,6287,9418,54.8699598533776,82.1958456973294,2716455,35.4,63973,213.908002772256,-73.9385215838353,40.6395272211099,421.799735316801,12699.1742468474
NY,MONROE,482,210,482,43.5684647302905,100,757747,39,62087,1726.64393842355,-77.6959334168884,43.1463787815782,63.6096216811152,438.855390586107
NY,NASSAU,1753,1009,1484,57.5584711922419,84.654877353109,1390584,41.9,120036,816.713990774902,-73.5864087113333,40.7327166732458,126.062143674888,1702.65725297617
NY,NEW YORK,3952,2193,3632,55.4908906882591,91.9028340080972,1679602,37.7,89812,82.9562743128883,-73.9675218226839,40.7781462916996,235.293837468638,20246.8350213632
NY,NIAGARA,42,11,42,26.1904761904762,100,212133,43.4,57252,1378.01128005668,-78.7453654405463,43.2000606037723,19.7988997468569,153.941410400701
NY,ONEIDA,15,0,15,0,100,231103,40.8,59113,3257.35325876696,-75.4358466859212,43.2414302567407,6.49061241091635,70.9480924053911
NY,ONONDAGA,96,28,96,29.1666666666667,100,474218,39.2,62668,2086.56078508072,-76.1944992606338,43.0056518335167,20.2438540924216,227.272554622296
NY,ONTARIO,13,0,13,0,100,112350,43.8,64795,1715.90447414257,-77.3000286647116,42.8527679921573,11.5709835336004,65.4756728553558
NY,ORANGE,309,153,294,49.5145631067961,95.1456310679612,400997,37.1,80816,2172.23647871439,-74.3055677465753,41.4021093167945,77.0579331017439,184.600987935405
NY,PUTNAM,26,14,26,53.8461538461539,100,97628,44.2,107246,637.896883001163,-73.7495295427481,41.4266853329839,26.6317040193387,153.046679802983
NY,QUEENS,10386,6167,8308,59.3780088580782,79.9922973233199,2389813,39.3,72028,324.327869164213,-73.8202613988068,40.7022388539615,434.594673307075,7368.50954609145
NY,RICHMOND,1497,736,1412,49.1649966599866,94.3219772879092,495113,40.2,85381,153.353688486363,-74.152415120159,40.5807611203886,302.355219919493,3228.56923029946
NY,ROCKLAND,472,310,382,65.6779661016949,80.9322033898305,337378,35.9,94840,516.370385048732,-74.0240276381267,41.1523298188971,139.902423987338,653.364348089328
NY,SCHENECTADY,11,11,11,100,100,159294,39.9,66488,542.423749261307,-74.0586323156205,42.8181258114677,6.90547038808744,293.670769793787
NY,STEUBEN,40,20,40,50,100,93321,42.9,55349,3636.6339300766,-77.3836627982674,42.2675378009384,42.8628068709079,25.6613675707619
NY,SUFFOLK,1854,1161,1587,62.621359223301,85.5987055016181,1522175,41.7,105362,2986.67069256032,-72.8457620852609,40.8690184608323,121.799398886462,509.656121041961
NY,TIOGA,12,0,12,0,100,48354,44.8,61965,1353.90719399284,-76.3064518751533,42.1702212563847,24.8169748107706,35.7144124904147
NY,ULSTER,33,13,33,39.3939393939394,100,181277,44.1,65306,3005.92822362692,-74.2583571473556,41.8879159462697,18.204184755926,60.3064965341298
NY,WASHINGTON,12,0,12,0,100,61106,44.2,59613,2190.80786999217,-73.4307531021492,43.3129580186631,19.6380060877819,27.8919940159875
NY,WESTCHESTER,1471,798,1297,54.2488103331067,88.1713120326309,1001489,41.1,99489,1235.82500565158,-73.756159190862,41.1621145952233,146.881293753601,810.380915922614
OH,ADAMS,37,22,37,59.4594594594595,100,27451,42.3,40067,1517.65406060318,-83.4720383314992,38.8455093667351,134.785618010273,18.0877847676893
OH,ALLEN,255,129,241,50.5882352941176,94.5098039215686,102137,39.4,51892,1054.10142481188,-84.1058222711921,40.7715520015076,249.664666085748,96.8948505294243
OH,ASHLAND,78,57,78,73.0769230769231,100,52476,40.7,55422,1105.52858586318,-82.2706392344143,40.8457771666925,148.639378001372,47.4668865835139
OH,ASHTABULA,226,121,226,53.5398230088496,100,97512,42.7,47925,1837.53918559505,-80.7483657886476,41.7073918738354,231.766346706046,53.0666234300863
OH,ATHENS,11,11,11,100,100,62380,30,42414,1316.5497771436,-82.045100882147,39.3338512962256,17.6338570054505,47.3814215633688
OH,AUGLAIZE,57,30,57,52.6315789473684,100,46473,40.4,66193,1040.96020776644,-84.2218040765013,40.5609512636956,122.6518623717,44.6443578277751
OH,BELMONT,73,25,73,34.2465753424658,100,66291,44.5,51574,1402.0893024867,-80.9884792116164,40.015805253218,110.12052918194,47.280155324221
OH,BROWN,25,25,25,100,100,43684,42.3,57200,1277.89292038058,-83.8672833321578,38.9337989926277,57.229191465983,34.1843978500093
OH,BUTLER,746,407,675,54.5576407506703,90.4825737265416,390887,36.9,69023,1217.04545036222,-84.5755822163245,39.4386165171087,190.847994433174,321.176994568004
OH,CHAMPAIGN,18,0,18,0,100,38743,41.6,59909,1113.03915170617,-83.7694879543597,40.1377368270282,46.4600056784451,34.8082993671975
OH,CLARK,390,200,390,51.2820512820513,100,135894,41.5,51504,1042.91310584927,-83.7838151633533,39.9168271772651,286.988388008301,130.302322636302
OH,CLERMONT,323,163,323,50.4643962848297,100,208755,40.2,69720,1190.0691108306,-84.1518307461099,39.0472485957407,154.72683289023,175.414182336269
OH,CLINTON,18,0,18,0,100,42035,39.8,54683,1067.87023348571,-83.808425120963,39.4149280773624,42.8214583085524,39.3633970513352
OH,COLUMBIANA,267,155,267,58.0524344569288,100,101650,44.3,49407,1384.81175182841,-80.7771122826885,40.7684088785615,262.666010821446,73.4034787513814
OH,COSHOCTON,12,12,12,100,100,36595,41.1,48552,1469.66507910941,-81.9199866300816,40.3016641256025,32.7913649405657,24.9002310255449
OH,CRAWFORD,69,46,69,66.6666666666667,100,42015,43.1,46391,1042.97839088594,-82.9197883355228,40.8507187996748,164.227061763656,40.283672573802
OH,CUYAHOGA,3326,1673,3068,50.3006614552015,92.2429344558028,1262635,40.4,51741,1190.29074355951,-81.6587666270636,41.4244797624778,263.41737715175,1060.77864322808
OH,DARKE,41,12,41,29.2682926829268,100,51897,41.8,54799,1554.06549870463,-84.6194074580032,40.1330836360458,79.002639844307,33.3943453755701
OH,DEFIANCE,59,41,59,69.4915254237288,100,38267,40.7,62110,1072.61288631503,-84.4903938440325,41.3239689490132,154.17984163901,35.6764313465098
OH,DELAWARE,133,68,133,51.1278195488722,100,215162,39.2,111411,1184.53943881877,-83.0047667290982,40.2783723576204,61.8138890696313,181.641904818772
OH,ERIE,151,101,151,66.8874172185431,100,75482,44.9,58408,659.097254801643,-82.6191706755384,41.3632856885179,200.047693489839,114.523311165537
OH,FAIRFIELD,205,111,205,54.1463414634146,100,159464,39.6,70906,1317.04086866066,-82.6306128121387,39.7515500655034,128.555661465911,121.077488022193
OH,FAYETTE,12,12,12,100,100,28978,40.6,48637,1053.9086569291,-83.456073876704,39.5598014951692,41.4107253778729,27.4957415042369
OH,FRANKLIN,1933,972,1772,50.2845318158303,91.6709777547853,1324505,34.2,62352,1407.97951567373,-83.0093241567239,39.9694815021626,145.941313924825,940.713259856065
OH,FULTON,28,11,28,39.2857142857143,100,42640,41.3,61290,1055.07317523696,-84.1300875926394,41.6018351545955,65.6660412757974,40.4142584616686
OH,GEAUGA,119,64,119,53.781512605042,100,95385,44.8,83730,1057.68595438591,-81.1787112981003,41.4994679978181,124.757561461446,90.1827235243755
OH,GREENE,276,166,276,60.1449275362319,100,168130,38.3,70055,1078.14217158275,-83.8898456263713,39.691448788991,164.158686730506,155.944182902315
OH,GUERNSEY,12,12,12,100,100,38419,42.6,46352,1368.30378484607,-81.4943209097335,40.0519842831764,31.2345454072204,28.0778292258558
OH,HAMILTON,1517,773,1451,50.9558338826632,95.6493078444298,830418,36.8,59190,1068.65894415172,-84.5427208709255,39.1955720852814,182.679084509247,777.06550302554
OH,HANCOCK,81,69,81,85.1851851851852,100,74919,39.3,57384,1382.07717820023,-83.6665878528081,41.0018336991801,108.116766107396,54.2075371634175
OH,HIGHLAND,14,14,14,100,100,43364,40.9,47973,1445.17688743771,-83.6010861250693,39.1846682943903,32.284844571534,30.0060154413929
OH,HOCKING,12,12,12,100,100,28046,42.9,54774,1097.15057259096,-82.4793175189689,39.4970780984564,42.786850174713,25.5625806526888
OH,HOLMES,75,47,75,62.6666666666667,100,44236,32.1,64453,1098.1233877983,-81.9293227314176,40.5612435075879,169.545166832444,40.2832691585703
OH,HURON,90,52,90,57.7777777777778,100,58495,40.1,55041,1281.59880285307,-82.5984272664771,41.1461235886566,153.859304214035,45.6422086769896
OH,JACKSON,19,0,19,0,100,32671,40.1,48915,1091.73368628711,-82.6183498260276,39.0195658116028,58.1555507942824,29.9257963827344
OH,JEFFERSON,93,41,93,44.0860215053764,100,65186,44.9,46849,1064.08728723548,-80.7609851300579,40.384824358494,142.668671187065,61.2600120140092
OH,KNOX,79,45,79,56.9620253164557,100,62792,39.4,61590,1371.66021701841,-82.421550793035,40.3987243462127,125.812205376481,45.7781010347385
OH,LAKE,478,229,478,47.907949790795,100,232527,43.9,65814,599.097230902445,-81.2375432280475,41.6965599564683,205.567525491663,388.128984755505
OH,LAWRENCE,12,0,12,0,100,58141,41.6,46584,1184.64664800443,-82.536672401844,38.5983338636604,20.6394798851069,49.0787696887847
OH,LICKING,259,140,259,54.0540540540541,100,178796,40,67736,1780.25395960533,-82.4830768374377,40.0915821888892,144.85782679702,100.432861859573
OH,LOGAN,37,25,37,67.5675675675676,100,46114,41.2,60417,1208.97981071144,-83.7658188056029,40.3884394373609,80.2359370256321,38.1429032903896
OH,LORAIN,617,321,604,52.0259319286872,97.8930307941653,313534,41.9,58798,1282.18655501454,-82.1513204270757,41.2955011240132,196.788865003476,244.530718851941
OH,LUCAS,861,469,804,54.4715447154472,93.3797909407666,430870,38.1,49946,901.476187436458,-83.6584589147311,41.6199418671715,199.828254461903,477.96048969998
OH,MAHONING,703,344,692,48.9331436699858,98.4352773826458,228017,43.5,47092,1101.12136636367,-80.7763346179331,41.0146667126899,308.310345281273,207.077082477293
OH,MARION,103,51,103,49.5145631067961,100,65390,41.6,49225,1046.69173433768,-83.160887564455,40.5871865228816,157.516439822603,62.4730260637601
OH,MEDINA,313,172,313,54.9520766773163,100,182639,42.5,77784,1095.55692808372,-81.899772097348,41.1175665911456,171.376321596154,166.708817513903
OH,MERCER,37,20,37,54.0540540540541,100,42532,39.4,65566,1226.13664046455,-84.6293739870774,40.539813508724,86.993322674692,34.6878142258971
OH,MIAMI,250,159,250,63.6,100,108962,41.2,62347,1060.94824784331,-84.2288439271639,40.0534475746186,229.437785650043,102.702464725775
OH,MONTGOMERY,1562,815,1445,52.1766965428937,92.5096030729834,537139,39.1,53064,1202.90886828053,-84.2906438092695,39.7545215226464,290.799960531632,446.533410937272
OH,MUSKINGUM,101,45,101,44.5544554455446,100,86464,40.5,48350,1742.38899591687,-81.9443091302371,39.9653237237159,116.811621021466,49.6238212033137
OH,OTTAWA,12,0,12,0,100,40298,49.6,59306,691.576248024234,-83.1408322406359,41.538190903835,29.7781527619237,58.2697860360698
OH,PICKAWAY,91,64,91,70.3296703296703,100,58664,39.5,61629,1312.0412149235,-83.0243003814369,39.6418711734905,155.120687303968,44.7120100593946
OH,PORTAGE,254,155,242,61.0236220472441,95.2755905511811,161854,38.3,59485,1305.46549905573,-81.1974012565539,41.1675575003009,156.931555599491,123.981828793692
OH,PREBLE,39,39,39,100,100,41016,43.1,61339,1104.52314695608,-84.6479816324924,39.7414215967864,95.0848449385606,37.1345771367804
OH,PUTNAM,27,15,27,55.5555555555556,100,34407,40.2,67790,1254.05949038603,-84.1317923486521,41.0220925282372,78.4724038713053,27.4364974419266
OH,RICHLAND,334,182,334,54.4910179640719,100,124988,41.5,49186,1295.34068717948,-82.5363701848982,40.7744569706477,267.225653662752,96.4904455152667
OH,ROSS,66,37,66,56.0606060606061,100,77068,41.2,51508,1795.17546410348,-83.0569988300313,39.3376030365815,85.6386567706441,42.9306224049182
OH,SANDUSKY,52,34,52,65.3846153846154,100,58878,42.4,55245,1068.01948443118,-83.1461401846539,41.3563634514156,88.3182173307517,55.1282077324257
OH,SCIOTO,124,59,124,47.5806451612903,100,73852,40.1,41866,1595.45382218374,-82.9927730223928,38.8040037542988,167.9033743162,46.2890238333046
OH,SENECA,75,52,75,69.3333333333333,100,55055,40.4,52897,1431.65907213747,-83.1276905492455,41.1239021229231,136.227408954682,38.4553844357672
OH,SHELBY,49,37,49,75.5102040816327,100,48154,39.8,64522,1063.59851442992,-84.2048017187719,40.3315117167202,101.756863396603,45.2746025372274
OH,STARK,1382,752,1232,54.4138929088278,89.1461649782923,374552,42.1,55045,1503.73118054045,-81.3657615094548,40.8138576936729,368.974134432602,249.081754004318
OH,SUMMIT,1445,742,1348,51.3494809688581,93.2871972318339,539835,40.9,59253,1088.17282461821,-81.5321939341133,41.1257820111329,267.674381987089,496.093072522192
OH,TRUMBULL,582,287,554,49.3127147766323,95.1890034364261,201682,44.4,47799,1649.03395045085,-80.7611346365567,41.3170924970998,288.57310022709,122.3031217428
OH,TUSCARAWAS,341,195,341,57.1847507331378,100,93199,41,54451,1480.13689328444,-81.4737455265642,40.4407794798679,365.883754117533,62.9664731842406
OH,UNION,14,14,14,100,100,63090,38.1,88565,1131.41097914189,-83.3715031676863,40.2992494256502,22.1905214772547,55.7622306686916
OH,VAN WERT,28,13,28,46.4285714285714,100,28919,41.2,55991,1063.11484952163,-84.586098983241,40.8553830285259,96.8221584425464,27.2021409662491
OH,WARREN,365,200,365,54.7945205479452,100,243236,39.6,89410,1054.81372375655,-84.1667468135099,39.427489165801,150.060024009604,230.596165485745
OH,WASHINGTON,53,27,53,50.9433962264151,100,59656,44.4,51808,1657.33870989027,-81.4955192239553,39.4553798821028,88.8426981359796,35.9950561970219
OH,WAYNE,290,174,290,60,100,116903,38.6,61424,1442.03321394339,-81.8880327051567,40.8288226267077,248.068911832887,81.0681743455249
OH,WILLIAMS,37,21,37,56.7567567567568,100,37084,41.4,52855,1096.09922121657,-84.588136930565,41.5602789032511,99.7734872182073,33.8327035383167
OH,WOOD,149,98,149,65.7718120805369,100,132267,35.1,63189,1607.26884847823,-83.6231202762815,41.3615414391518,112.650925778917,82.2930153379323
OK,BECKHAM,12,12,12,100,100,22331,35.9,47095,2341.41522803636,-99.682070010052,35.2687359467291,53.7369575925843,9.5373941933093
OK,CANADIAN,57,26,57,45.6140350877193,100,155445,36,73591,2345.44906555968,-97.9823250468211,35.5424545062788,36.6689182669111,66.2751548445614
OK,CARTER,26,0,26,0,100,48041,38.3,51148,2159.42122486483,-97.2856747642039,34.2508486936543,54.1204387918653,22.24716486382
OK,CHEROKEE,11,11,11,100,100,47092,35.8,43378,2010.8795180077,-94.9996562085629,35.9064156719719,23.3585322347745,23.4186084140222
OK,CLEVELAND,217,71,217,32.7188940092166,100,296256,34.4,65412,1445.35145201355,-97.3262435451853,35.2029422272378,73.2474616547851,204.971600220334
OK,COMANCHE,62,27,62,43.5483870967742,100,121144,33.3,52377,2806.79272877537,-98.4716953340979,34.6621187645461,51.1787624645051,43.1610067811655
OK,CREEK,110,38,97,34.5454545454546,88.1818181818182,71857,40.4,52315,2512.13300367571,-96.3709842964868,35.9025442491864,153.081815271999,28.6039791264475
OK,CUSTER,41,0,41,0,100,28444,31.9,51351,2595.78228685191,-99.0014818264971,35.6389626009989,144.142877232457,10.9577756748221
OK,GARFIELD,38,26,38,68.421052631579,100,62701,35.8,55435,2745.59150828767,-97.7827223682365,36.3790158785917,60.6050940176393,22.8369733118473
OK,GRADY,18,0,18,0,100,54884,39.6,64507,2861.6482470901,-97.8840851440207,35.0165744463146,32.7964434079149,19.1791566471559
OK,KAY,41,21,41,51.219512195122,100,43611,38.5,47456,2447.44167462157,-97.1440999388566,36.8180065970444,94.012978377015,17.8190150360757
OK,LOGAN,11,11,11,100,100,49752,39.1,70456,1939.26794757486,-97.4431721986286,35.9192355738245,22.1096639331082,25.655041667768
OK,MUSKOGEE,43,30,43,69.7674418604651,100,66245,38.1,41633,2175.02910404435,-95.3792993769214,35.6160657162845,64.9105592874934,30.4570637132261
OK,OKLAHOMA,1084,483,994,44.5571955719557,91.6974169741697,798283,34.9,55519,1860.5208222228,-97.4072079625792,35.5515037600292,135.791442383215,429.064265481467
OK,OTTAWA,11,11,11,100,100,30229,37.9,40662,1255.23207136801,-94.8104374828183,36.835458552852,36.3888980780046,24.0823993343757
OK,POTTAWATOMIE,45,33,45,73.3333333333333,100,72553,37.7,51150,2054.8512612799,-96.9484010952022,35.2064671332225,62.0236241092719,35.3081516736199
OK,ROGERS,100,24,100,24,100,95405,39.3,66038,1842.87605860641,-95.6043758427029,36.3713970309268,104.816309417745,51.7696236567019
OK,STEPHENS,44,30,44,68.1818181818182,100,42823,41.1,51156,2308.55351667487,-97.8514794841876,34.4855809962655,102.748522989982,18.5497107564048
OK,TULSA,1148,500,1062,43.5540069686411,92.5087108013937,670708,35.8,57024,1520.31024528436,-95.9414689262137,36.1208791988994,171.162413449668,441.165217481352
OK,WAGONER,24,0,24,0,100,81401,38.8,64958,1529.74626577553,-95.5211208223071,35.9610852408956,29.4836672768148,53.2120926333703
OK,WASHINGTON,29,29,29,100,100,52606,40,53384,1098.87681119413,-95.9043710383042,36.7148992738683,55.1267916207277,47.8725180694586
OR,CLACKAMAS,195,109,195,55.8974358974359,100,422512,41.7,82911,4876.05076006608,-122.2207179412,45.1879335883167,46.1525353126065,86.6504515211967
OR,DESCHUTES,47,14,47,29.7872340425532,100,199470,42.4,68937,7908.34612278959,-121.226878993169,43.9150297268414,23.5624404672382,25.2227200103426
OR,DOUGLAS,61,35,61,57.3770491803279,100,111292,47,50031,13130.5471126993,-123.164920891115,43.2791490671672,54.8107680695827,8.47580828466494
OR,JACKSON,158,103,147,65.1898734177215,93.0379746835443,223755,42.6,56327,7255.14313703811,-122.728896086048,42.4314392704541,70.6129471967107,30.8408801554462
OR,JOSEPHINE,67,42,67,62.6865671641791,100,88228,47.5,47733,4249.90152710779,-123.555438479198,42.3649436056343,75.9396110078433,20.760010423122
OR,KLAMATH,13,0,13,0,100,69631,42,48560,15895.1462643663,-121.649298554198,42.68356900978,18.6698453275122,4.38064543992896
OR,LANE,133,70,133,52.6315789473684,100,384221,39.7,54942,11970.5392681748,-122.846285491337,43.9394207994756,34.6154947282944,32.0972172925827
OR,LINN,24,0,24,0,100,128967,39.9,59547,5974.03441352451,-122.535026379858,44.4890734854081,18.6094117099723,21.5879238505948
OR,MARION,227,115,227,50.6607929515419,100,346305,36.9,61817,3084.760938588,-122.583859732978,44.9035346990226,65.5491546469153,112.263156495529
OR,MULTNOMAH,494,276,494,55.8704453441296,100,816321,37.5,71425,1205.45387881965,-122.414475329843,45.5470959925207,60.5154099919027,677.189741012176
OR,UMATILLA,11,11,11,100,100,79893,36.7,57973,8368.89724056605,-118.737434464535,45.5909788021386,13.7684152554041,9.546419044643
OR,WASCO,11,0,11,0,100,26610,40.2,54725,6202.01585531794,-121.167552751987,45.1593265460442,41.3378429161969,4.29054046632003
OR,WASHINGTON,99,50,99,50.5050505050505,100,601045,36.9,86626,1882.35970003157,-123.098098011366,45.5599433764414,16.471312464125,319.304009743685
PA,ADAMS,121,80,121,66.1157024793389,100,103802,44,68411,1350.78903598235,-77.2179110664201,39.8714536017195,116.568081539855,76.845456422076
PA,ALLEGHENY,2518,1257,2431,49.9205718824464,96.5448768864178,1249671,40.8,62320,1928.1586923343,-79.9811814791611,40.4687170470954,201.493032966277,648.116259812153
PA,ARMSTRONG,67,41,67,61.1940298507463,100,65460,47,53545,1719.28435921608,-79.464552347832,40.8121367498602,102.3525817293,38.0739809846504
PA,BEAVER,312,147,312,47.1153846153846,100,167864,45.1,59014,1150.1121180576,-80.3493418137078,40.6821627448983,185.864747652862,145.95446597285
PA,BEDFORD,49,20,49,40.8163265306122,100,47580,47,51531,2633.9777790833,-78.4904594800279,40.0062836683279,102.984447246742,18.0639337119082
PA,BERKS,750,374,738,49.8666666666667,98.4,428693,40.2,66154,2242.81758233651,-75.9259074641396,40.4162552260969,174.950372411026,191.140377789173
PA,BLAIR,191,114,191,59.6858638743456,100,122664,43.6,50856,1365.08210448289,-78.3487536004025,40.4808069984494,155.709906737103,89.8583313026924
PA,BRADFORD,12,12,12,100,100,59958,44.5,52375,3007.14770963478,-76.515338306854,41.7886424058307,20.0140098068648,19.9384951420567
PA,BUCKS,1212,632,1201,52.1452145214522,99.0924092409241,646190,44,93181,1610.66153249804,-75.1064393081542,40.3368313253051,187.560934090593,401.195401368901
PA,BUTLER,402,207,402,51.4925373134328,100,194069,43.4,72642,2058.70723972659,-79.9130416503618,40.9114967828684,207.142820337097,94.2674102733393
PA,CAMBRIA,374,166,374,44.3850267379679,100,133198,45.6,47644,1796.01664612207,-78.7140136631178,40.4950703514168,280.784996771723,74.1630097291129
PA,CARBON,33,12,33,36.3636363636364,100,64752,46.6,57601,1003.31011380668,-75.7088666173706,40.9180987408285,50.9636767976279,64.5383706482565
PA,CENTRE,192,75,192,39.0625,100,157987,32.9,61921,2882.68951332227,-77.8200639891767,40.9193596084136,121.528986562186,54.8054167019609
PA,CHESTER,618,324,618,52.4271844660194,100,534860,40.6,104161,1967.00340722699,-75.7487261064669,39.9728994349196,115.54425457129,271.916153289244
PA,CLARION,22,11,22,50,100,37198,41.8,49695,1579.52533520088,-79.4210835818636,41.1922572633176,59.1429646755202,23.5501129174792
PA,CLEARFIELD,50,37,50,74,100,80431,45.4,50150,2988.83544541659,-78.4743452056923,41.0000181982058,62.1650856013229,26.9104811786616
PA,CLINTON,24,13,24,54.1666666666667,100,37377,39.4,51145,2323.45288495681,-77.6376614209366,41.2339949914521,64.2106108034353,16.0868336267962
PA,COLUMBIA,58,25,58,43.1034482758621,100,64686,41.2,52219,1270.00916973555,-76.4051433558002,41.0484971953809,89.6639149120366,50.9334905144578
PA,CRAWFORD,125,70,125,56,100,83825,43.3,51919,2687.1521718834,-80.1064163443245,41.6847935879437,149.120190873844,31.1947350347665
PA,CUMBERLAND,478,223,467,46.652719665272,97.6987447698745,260254,40.7,71979,1425.36423621035,-77.2656992259993,40.1636621472983,183.666725583468,182.587715749024
PA,DAUPHIN,356,209,345,58.7078651685393,96.9101123595506,286717,39.6,63123,1445.76791712354,-76.779403011849,40.4152316240882,124.164245580137,198.314678728274
PA,DELAWARE,1072,490,1072,45.7089552238806,100,576523,38.9,76238,494.379633448441,-75.3991046490975,39.9166723496184,185.942278105123,1166.15443071266
PA,ERIE,351,178,351,50.7122507122507,100,270739,39.7,52863,2097.12218307868,-80.0329691488978,41.9926399591548,129.645156405246,129.100250898372
PA,FAYETTE,333,175,321,52.5525525525526,96.3963963963964,128585,45.1,49075,2067.587372871,-79.6473759772853,39.919818707163,258.972663996578,62.1908421802025
PA,FRANKLIN,363,218,350,60.0550964187328,96.4187327823691,155951,41.7,63420,2001.71987376536,-77.7213678460338,39.9272067331279,232.765419907535,77.9085036042762
PA,HUNTINGDON,14,14,14,100,100,44071,44.1,53597,2303.00249432692,-77.9812165483225,40.4165334839748,31.7669215583944,19.1363231731455
PA,INDIANA,139,76,139,54.6762589928058,100,83153,40.2,49270,2160.99124278287,-79.0877713534335,40.6518663868334,167.161738001034,38.4791008652666
PA,JEFFERSON,25,0,25,0,100,44480,43.9,49604,1700.83051961432,-78.9994542362255,41.1279799638101,56.205035971223,26.1519295938353
PA,JUNIATA,42,12,42,28.5714285714286,100,23483,42.9,53502,1019.17211351361,-77.4026562283101,40.5310438300089,178.852787122599,23.0412505293556
PA,LACKAWANNA,452,207,452,45.7964601769912,100,215538,42.1,54064,1204.33860507548,-75.6091681126758,41.4366366541031,209.707800944613,178.967940653611
PA,LANCASTER,1243,718,1190,57.7634754625905,95.7361222847949,552834,38.7,69588,2547.91541438791,-76.2476135316294,40.0422870633707,224.841453311482,216.975020786869
PA,LAWRENCE,60,22,60,36.6666666666667,100,85970,45.3,50080,939.483480112868,-80.3342416879555,40.9912001230119,69.791787832965,91.5077293212987
PA,LEBANON,207,94,207,45.4106280193237,100,143292,41.1,61632,938.908749299042,-76.4576391333243,40.3671948218676,144.460262959551,152.61546993462
PA,LEHIGH,502,228,491,45.4183266932271,97.8087649402391,374493,39,66214,901.611691375381,-75.5921863711151,40.6126624055623,134.047899426692,415.359520714203
PA,LUZERNE,905,439,893,48.5082872928177,98.6740331491713,325222,42.7,53194,2347.22776244801,-75.9890280054358,41.1768878889956,278.271457650467,138.555791305406
PA,LYCOMING,147,75,147,51.0204081632653,100,114130,41.5,54906,3221.44962852309,-77.0642635651158,41.3434312716691,128.800490668536,35.4281497961289
PA,MCKEAN,28,14,28,50,100,40405,43.6,49240,2549.02678936305,-78.5690624101715,41.8076867061193,69.2983541640886,15.8511476492157
PA,MERCER,124,68,124,54.8387096774194,100,110548,45,50529,1767.88900523543,-80.2576687301604,41.3020999278336,112.168469804972,62.5310750124146
PA,MIFFLIN,51,24,51,47.0588235294118,100,46145,44,52641,1074.16287184897,-77.6174181582115,40.6102961120308,110.521183226785,42.9590346206718
PA,MONROE,109,58,109,53.2110091743119,100,168326,43.3,68734,1598.15265780522,-75.3395594093478,41.0579605583008,64.7552962703326,105.325357485665
PA,MONTGOMERY,1606,768,1581,47.8206724782067,98.4433374844334,856900,41.3,93518,1261.92000819102,-75.3670383191245,40.210768373839,187.419768934531,679.044625996837
PA,NORTHAMPTON,720,309,720,42.9166666666667,100,312810,42.2,73088,976.931899694643,-75.3076764809953,40.7541049853566,230.171669703654,320.196320846698
PA,NORTHUMBERLAND,235,91,235,38.7234042553192,100,91550,44.5,49273,1236.50619510508,-76.7092322345841,40.8517989233894,256.690333151284,74.0392570311544
PA,PERRY,38,26,38,68.421052631579,100,45838,43.4,70660,1438.8786581935,-77.262600450575,40.3984096656724,82.9006501156246,31.8567516023548
PA,PHILADELPHIA,3843,1983,3214,51.60031225605,83.6325787145459,1600788,34.6,49127,369.686167437533,-75.1339891303532,40.0076329513186,240.069265886551,4330.12685082541
PA,SCHUYLKILL,264,130,264,49.2424242424243,100,142959,44.3,53703,2027.69188527898,-76.2162428860782,40.7058124108801,184.668331479655,70.503315142641
PA,SOMERSET,139,60,139,43.1654676258993,100,74014,46.2,51255,2799.75763128484,-79.0285115921872,39.9722547367797,187.802307671522,26.4358597233412
PA,TIOGA,63,34,63,53.968253968254,100,41017,44.9,51838,2944.5791436455,-77.2542545300814,41.7720688703845,153.594850915474,13.9296646478381
PA,WARREN,36,12,36,33.3333333333333,100,38526,47.4,52034,2327.6125456419,-79.2741579980311,41.8144766730084,93.4433888802367,16.5517238133701
PA,WASHINGTON,277,153,277,55.2346570397112,100,209414,44.5,65478,2229.70844100115,-80.2480478725933,40.1893034385994,132.273868986792,93.9199027770521
PA,WESTMORELAND,796,459,762,57.6633165829146,95.7286432160804,354339,47.2,61398,2683.51020518203,-79.4668454977103,40.3106249280925,224.643632227895,132.043097624801
PA,YORK,880,503,827,57.1590909090909,93.9772727272727,456754,41,68940,2358.5518843068,-76.7262068008042,39.9198632868583,192.663884716937,193.658661078912
RI,BRISTOL,36,16,36,44.4444444444444,100,50783,44.5,85413,73.2723181360445,-71.2840077952337,41.7172410705818,70.8898647185082,693.072108155652
RI,KENT,81,30,81,37.037037037037,100,170423,43.8,75857,455.275190130096,-71.5931205185937,41.6722106418237,47.5287959958456,374.3296443439
RI,PROVIDENCE,488,207,488,42.4180327868852,100,660044,37.4,62323,1120.52230631741,-71.5799959392711,41.8720997589863,73.9344649750623,589.050299381573
SC,AIKEN,73,51,73,69.8630136986301,100,169174,41.1,53385,2797.50667300705,-81.6349288909885,33.5441879163891,43.150838781373,60.4731354646438
SC,ANDERSON,512,302,498,58.984375,97.265625,204192,40.7,53598,1957.47429677724,-82.6378433669629,34.5191618622224,250.74439742987,104.314013387649
SC,BEAUFORT,87,87,87,100,100,187829,46.2,71430,1833.31339626452,-80.7303598031388,32.3854030497872,46.3187260753132,102.453295973679
SC,BERKELEY,72,46,72,63.8888888888889,100,231508,36.5,65443,3195.57615324191,-79.9520622059038,33.1972663613974,31.1004371339219,72.4464036837724
SC,CHARLESTON,350,156,350,44.5714285714286,100,409958,38,67182,2653.68444250311,-79.9542062666411,32.8347324365907,85.3745993492016,154.486341116468
SC,CHEROKEE,24,0,24,0,100,56226,39.3,37787,1029.96662109814,-81.6204207419073,35.0481031134787,42.6848788816562,54.5901186002049
SC,COLLETON,14,14,14,100,100,38538,42.2,36748,2786.27316108815,-80.6665793444749,32.8634707325916,36.3277803726192,13.8313789682234
SC,DARLINGTON,11,11,11,100,100,62842,41.5,37141,1466.58600229076,-79.957781068628,34.3324909623175,17.5042169249865,42.849174819508
SC,DORCHESTER,68,42,68,61.7647058823529,100,162059,37.2,63501,1479.383455562,-80.4063432101118,33.0792649758412,41.960026903782,109.544959010263
SC,FLORENCE,103,50,103,48.5436893203884,100,136814,39.2,49645,2083.14021519429,-79.7028060823538,34.0243880103182,75.2846930869648,65.6768080238132
SC,GEORGETOWN,24,13,24,54.1666666666667,100,63517,50.1,52488,2258.49298161156,-79.3324161552798,33.4341490296227,37.7851598784577,28.123620713967
SC,GREENVILLE,1306,742,1185,56.8147013782542,90.7350689127106,527266,38.3,62422,2058.68335146248,-82.3705574957866,34.8940142095302,247.692815391093,256.118066736895
SC,GREENWOOD,43,11,43,25.5813953488372,100,69395,39.8,41081,1198.87476855074,-82.125849945076,34.1537462054983,61.9641184523381,57.883443559237
SC,HORRY,590,397,576,67.2881355932204,97.6271186440678,353779,46.7,51570,2967.12201068199,-78.9964806498927,33.9213646722318,166.770780628585,119.233047622023
SC,LANCASTER,13,0,13,0,100,96592,42.5,65421,1437.72492426924,-80.7053165478863,34.6865874567072,13.4586715255922,67.1839225776067
SC,LAURENS,37,37,37,100,100,67628,40.7,44374,1874.74083309603,-82.0058712373019,34.4835141446641,54.711066422192,36.0732527963965
SC,LEXINGTON,350,163,325,46.5714285714286,92.8571428571429,294993,39.1,62740,1962.30388208267,-81.2720738456692,33.9022105235914,118.64688314638,150.329927333636
SC,NEWBERRY,12,0,12,0,100,37738,42.2,46038,1676.40222813771,-81.6001401310574,34.2897902944172,31.7981875033123,22.5113038903095
SC,OCONEE,67,56,67,83.5820895522388,100,78787,46.1,49691,1744.56878325217,-83.0658107240504,34.7533039265636,85.0394100549583,45.1613033297134
SC,ORANGEBURG,63,40,63,63.4920634920635,100,83971,40.5,36802,2921.43997252516,-80.7999488828917,33.4392033461295,75.0259017994308,28.7430174125465
SC,PICKENS,319,210,295,65.8307210031348,92.4764890282132,131689,36.4,51032,1327.49345592708,-82.7252480542804,34.8872427540138,242.237392644792,99.2012423202737
SC,RICHLAND,224,121,224,54.0178571428571,100,415697,33.7,54441,1999.30473164903,-80.9027686549258,34.0217943098303,53.8854021077852,207.92078036905
SC,SPARTANBURG,885,453,821,51.1864406779661,92.7683615819209,329405,38,53757,2121.3359185758,-81.9907053919276,34.9310573041151,268.666231538683,155.281866071052
SC,SUMTER,15,15,15,100,100,105493,36.5,46570,1766.91629900692,-80.382326868331,33.9162142335818,14.2189529163072,59.7045825313239
SC,YORK,133,67,133,50.3759398496241,100,283862,38.9,68555,1801.91888524799,-81.1843377953707,34.9747506832114,46.8537528799205,157.533173287617
SD,MINNEHAHA,29,16,29,55.1724137931035,100,197718,35.1,63699,2107.67972426264,-96.7914736788332,43.6741279515943,14.6673545150163,93.8083702774959
TN,ANDERSON,66,27,66,40.9090909090909,100,77327,43.1,52338,893.040632842917,-84.1985218792379,36.1184352170357,85.3518176057522,86.5884453138893
TN,BEDFORD,12,12,12,100,100,50396,38.3,52973,1229.69959637695,-86.4588669648099,35.5137656150375,23.8114136042543,40.9823668711296
TN,BLOUNT,174,85,174,48.8505747126437,100,135656,43.9,60301,1467.4486844766,-83.9254884567208,35.687181856174,128.265613021171,92.4434369903602
TN,BRADLEY,150,72,139,48,92.6666666666667,108831,39.7,51872,858.564590766203,-84.8596241979736,35.1540422677447,137.828376106073,126.759245804531
TN,CAMPBELL,12,12,12,100,100,39306,44.1,41769,1290.22985493858,-84.149477374766,36.4034511657083,30.5296901236453,30.4643392412208
TN,CARTER,136,81,136,59.5588235294118,100,56386,45.7,40820,900.274484625244,-82.1274757058106,36.2926971121293,241.194622778704,62.6320094181851
TN,CLAIBORNE,27,13,27,48.1481481481482,100,32066,42.7,37954,1143.71512104061,-83.6603770178158,36.4859094000515,84.2013347470841,28.0367019811933
TN,COCKE,15,15,15,100,100,36043,45.3,38530,1147.48527545823,-83.1211888734539,35.9253568584066,41.6169575229587,31.4104248401853
TN,COFFEE,18,0,18,0,100,58145,39.7,51030,1125.5443983476,-86.0746880850291,35.4905553571688,30.9570900335369,51.6594459404376
TN,CUMBERLAND,85,45,85,52.9411764705882,100,61372,51.8,49423,1773.78657402032,-84.9983745597216,35.9503328374361,138.49964153034,34.5994275178774
TN,DAVIDSON,740,383,707,51.7567567567568,95.5405405405405,716095,34.4,62515,1360.396439247,-86.7847636744498,36.1694836320009,103.338244227372,526.386999657519
TN,DICKSON,61,22,61,36.0655737704918,100,54453,38.8,57804,1272.78000336014,-87.3566665123687,36.1489652799849,112.023212678824,42.7827274597685
TN,FAYETTE,11,11,11,100,100,41865,46.2,63618,1829.06259482641,-89.4143842490533,35.1970240895832,26.274931326884,22.8887738005343
TN,GIBSON,66,50,66,75.7575757575758,100,50447,40,45557,1563.52658936449,-88.9325018670038,35.996543111562,130.830376434674,32.2648814181693
TN,GREENE,111,70,111,63.0630630630631,100,70348,45,43150,1616.64723690092,-82.8458896695489,36.1752643193225,157.787001762666,43.5147497823062
TN,HAMBLEN,101,32,101,31.6831683168317,100,64542,40.7,43151,455.25942132063,-83.2667161839568,36.2171469538627,156.487248613306,141.769718488801
TN,HAMILTON,545,291,528,53.394495412844,96.8807339449541,367891,39.7,56606,1491.30652445999,-85.164881517712,35.1807176495276,148.141705015888,246.690397960416
TN,HAWKINS,78,64,78,82.051282051282,100,56721,45.2,45318,1294.17941726656,-82.9448741580901,36.4412140267662,137.515206008357,43.8277716700212
TN,HENDERSON,12,12,12,100,100,27831,40.6,44534,1361.74383766517,-88.3879903719895,35.6541650544472,43.1173870863426,20.4377646002192
TN,HENRY,12,0,12,0,100,32146,45.8,41037,1536.54307148269,-88.3013265094049,36.3317302143049,37.3296833198532,20.9209885466996
TN,JEFFERSON,86,48,86,55.8139534883721,100,54917,44.2,51899,814.020562714174,-83.4462566588492,36.0509820378128,156.599959939545,67.4638977385181
TN,KNOX,1027,562,929,54.7224926971762,90.4576436222006,480530,37.4,59250,1362.05122561395,-83.9372427297625,35.9932070122667,213.722348240484,352.798772148527
TN,LINCOLN,24,24,24,100,100,35338,42.9,53923,1478.22030522838,-86.5889493244476,35.1405082947522,67.9155583224857,23.9057736353719
TN,LOUDON,52,15,52,28.8461538461538,100,55136,47.8,61664,640.648722480468,-84.3118834263343,35.7347810396197,94.3122460824144,86.0627642969834
TN,MACON,16,0,16,0,100,25269,38.4,38080,795.235362265156,-86.0072506268338,36.5320148796302,63.3186908860659,31.7754984235403
TN,MADISON,35,22,35,62.8571428571429,100,98834,38.5,48396,1446.79285372877,-88.8385546930687,35.6081039074387,35.41291458405,68.3124745503674
TN,MAURY,63,34,63,53.968253968254,100,101836,39.2,60567,1594.54719716467,-87.0770288386969,35.6168950679166,61.8641737695903,63.8651525530753
TN,MCMINN,11,0,11,0,100,53344,42.4,46872,1119.41428363124,-84.6174966995002,35.4246893979221,20.620875824835,47.6534923486582
TN,MONROE,11,11,0,100,0,46399,44.1,45576,1690.44870940292,-84.2526639153276,35.4425772232693,23.7074074872303,27.4477419763824
TN,MONTGOMERY,167,84,167,50.2994011976048,100,221309,31,60878,1408.28243768855,-87.3828363964144,36.4968722276247,75.4601032944887,157.148164371942
TN,OBION,24,0,24,0,100,30775,42.4,39985,1438.43628894225,-89.1488759100494,36.3582119802407,77.9853777416734,21.394760572003
TN,OVERTON,25,11,25,44,100,22587,43.2,36478,1126.13929557461,-85.2880049260458,36.3449153896277,110.683136317351,20.0570214437593
TN,PUTNAM,76,29,76,38.1578947368421,100,80078,36.7,45160,1042.58935220861,-85.4951014292463,36.1408956304717,94.9074652214091,76.8068461761702
TN,ROANE,39,14,39,35.8974358974359,100,53664,47.3,55578,1022.94074874621,-84.523364744517,35.8478311769404,72.6744186046512,52.4605164725078
TN,ROBERTSON,24,24,24,100,100,72962,39,66088,1234.32353027357,-86.8706132622051,36.5254802438179,32.8938351470629,59.1109204438717
TN,RUTHERFORD,239,127,225,53.1380753138075,94.1422594142259,343302,33.6,68718,1616.24199838447,-86.4167109431446,35.8426476872641,69.6180039731781,212.407548091901
TN,SEVIER,132,93,119,70.4545454545455,90.1515151515152,98865,42.9,51734,1548.41167156225,-83.524125194162,35.7845621144643,133.515399787589,63.8492991338999
TN,SHELBY,2364,1142,1847,48.3079526226734,78.1302876480541,929788,35.7,52092,2033.18399261266,-89.8956275254444,35.1839284706785,254.251506795097,457.306374326317
TN,SULLIVAN,390,209,379,53.5897435897436,97.1794871794872,158244,45.3,47438,1112.76095848164,-82.304253491944,36.5130372073648,246.45484188974,142.208440001277
TN,SUMNER,272,124,272,45.5882352941176,100,197420,39.6,69878,1406.54098570281,-86.4605073928028,36.4693243043481,137.777327525073,140.358512127789
TN,WARREN,41,30,41,73.1707317073171,100,41059,40.1,42668,1123.891582432,-85.7784820625107,35.6786544282351,99.8563043425315,36.5328832796771
TN,WASHINGTON,204,103,204,50.4901960784314,100,133225,40.1,48923,854.450046158913,-82.4974670882211,36.2932346734894,153.124413586039,155.919003807067
TN,WHITE,11,0,11,0,100,27446,43.3,44282,982.658571940322,-85.455180675903,35.9263531999977,40.078699992713,27.9303521932406
TN,WILLIAMSON,123,78,123,63.4146341463415,100,249616,39.3,111196,1512.65673259834,-86.8985510318445,35.8938639120851,49.2756874559323,165.018271905766
TN,WILSON,102,70,102,68.6274509803922,100,148651,40.2,78962,1511.21394793437,-86.2976121975077,36.1548119380073,68.6170964204748,98.3652911642234
TX,BELL,49,29,49,59.1836734693878,100,372404,31.3,54987,2817.38245473748,-97.4782482464843,31.0377027601225,13.1577534075896,132.180847287452
TX,BEXAR,3878,2272,2643,58.5869004641568,68.1536874677669,2015620,33.8,58288,3253.33510061989,-98.5199369886104,29.4488610983891,192.397376489616,619.554991312129
TX,BOWIE,15,0,15,0,100,92913,38.3,51796,2390.51588383988,-94.4232475528672,33.4458459190706,16.1441348358141,38.8673426636071
TX,BRAZORIA,68,57,68,83.8235294117647,100,373509,36,83325,3777.9681619527,-95.4520956666845,29.1895579109247,18.2057192731634,98.8650470275394
TX,BROWN,23,11,23,47.8260869565218,100,38059,41.2,49180,2478.44003982086,-98.999777740104,31.7740768021066,60.4324864026906,15.3560301594994
TX,CAMERON,140,98,140,70,100,421592,31.7,41200,2611.22538955256,-97.5178771047069,26.1335018963736,33.2074612421488,161.453699740658
TX,COLLIN,154,54,154,35.0649350649351,100,1075651,37,100541,2295.2991508472,-96.5723679600178,33.1878902837845,14.3169113402024,468.632160475891
TX,COMAL,41,24,41,58.5365853658537,100,163637,42.1,80781,1489.2227029285,-98.2782524417106,29.8081985215871,25.0554581176629,109.880812102994
TX,COOKE,23,12,23,52.1739130434783,100,41749,41.2,62733,2327.59265266062,-97.2125882592694,33.6391946369025,55.0911399075427,17.9365577358554
TX,DALLAS,4209,2626,2647,62.3901164172012,62.8890472796389,2610741,33.5,61870,2353.27334391977,-96.7778766486539,32.7665654598009,161.218596559368,1109.40830853562
TX,EL PASO,137,67,124,48.9051094890511,90.5109489051095,866684,32.4,48292,2629.06383348465,-106.234534831202,31.7684516339938,15.8073761601691,329.654985535771
TX,ELLIS,43,29,43,67.4418604651163,100,194328,36.4,79834,2465.00592694026,-96.7945609346881,32.3484178903505,22.1275369478408,78.8346988849694
TX,FANNIN,16,16,16,100,100,35977,41,57898,2328.36885660991,-96.1070000498255,33.5937442873985,44.47285765906,15.4515895958092
TX,FORT BEND,340,215,340,63.2352941176471,100,829335,36.5,100189,2292.8057076128,-95.7708487093617,29.5274842891464,40.9967021770455,361.711852533496
TX,GILLESPIE,13,0,13,0,100,26766,50.1,61445,2749.61440282131,-98.9465591391298,30.318143262269,48.5690801763431,9.73445584680386
TX,HARRIS,2187,1431,1738,65.4320987654321,79.46959304984,4735383,33.7,63022,4589.37986915518,-95.3933256506109,29.8578401925194,46.1842262811688,1031.81325909108
TX,HARRISON,11,11,11,100,100,68806,39.4,54234,2371.86295173918,-94.371413190575,32.5481887642157,15.9869778798361,29.009264616047
TX,HAYS,12,12,12,100,100,243988,32.5,68724,1761.02788723922,-98.0309434016109,30.0580967440392,4.91827466924603,138.548629336303
TX,HIDALGO,2695,1586,1965,58.8497217068646,72.9128014842301,872892,29.4,41846,4102.67859360287,-98.1811383243669,26.3967841652634,308.743807939585,212.761487424597
TX,HOWARD,11,0,11,0,100,34807,37.5,57761,2341.74655092153,-101.435594162761,32.3061221353116,31.6028385094952,14.8636922242087
TX,JOHNSON,173,115,157,66.4739884393064,90.7514450867052,180950,36.9,65311,1902.31689509365,-97.3664012477176,32.3790085776317,95.606521138436,95.1208499838783
TX,KAUFMAN,45,29,33,64.4444444444445,73.3333333333333,147169,35.3,72179,2091.67590256367,-96.287769978481,32.5992032866727,30.5770916429411,70.3593705982949
TX,LIBERTY,11,0,11,0,100,92510,35,50917,3047.24108718298,-94.8119821434858,30.1515173230165,11.8906064209275,30.3586087720814
TX,LUBBOCK,268,182,268,67.910447761194,100,311590,30.9,53425,2332.92940964689,-101.820523828815,33.6101429469795,86.0104624667031,133.56169231334
TX,MAVERICK,47,26,36,55.3191489361702,76.5957446808511,57873,29.8,41385,3344.34137536176,-100.314187361887,28.7421542739672,81.2123097126467,17.3047525669355
TX,MCLENNAN,197,101,162,51.2690355329949,82.2335025380711,261192,33.6,50210,2746.23129675381,-97.2019170807978,31.5523628810486,75.4234432907593,95.1092503784158
TX,MIDLAND,29,16,29,55.1724137931035,100,170725,31.8,83217,2335.9763226141,-102.031597931591,31.8690973401684,16.9863816078489,73.0850729723785
TX,MONTGOMERY,531,326,426,61.3935969868173,80.225988700565,625420,37.2,83274,2789.31813031251,-95.5027974682343,30.3002176998585,84.9029452208116,224.219673332826
TX,NUECES,317,212,264,66.8769716088328,83.2807570977918,353600,35.7,56784,2258.07196723822,-97.6129568150342,27.7256824360428,89.6493212669683,156.59376898978
TX,PANOLA,11,0,11,0,100,22500,39.6,51297,2127.67087949395,-94.3056371741294,32.1623438640151,48.8888888888889,10.5749438114937
TX,PARKER,47,47,47,100,100,149560,39.8,84189,2356.96754242249,-97.805066613205,32.7775864603058,31.4255148435411,63.4544164516931
TX,POTTER,51,39,51,76.4705882352941,100,118309,34.1,43652,2388.12294175161,-101.893925116244,35.4012281713471,43.1074558993821,49.5405818233229
TX,RANDALL,37,37,37,100,100,141334,36,68186,2389.71489603208,-101.897056952984,34.9658101231685,26.1791217965953,59.1426199981736
TX,TARRANT,1275,728,1132,57.0980392156863,88.7843137254902,2116297,34.6,70306,2336.82986276172,-97.2912269575285,32.7714940365018,60.2467423050734,905.627334588626
TX,TAYLOR,111,81,111,72.972972972973,100,143493,32.6,55568,2380.94097584685,-99.8901509470241,32.301394701354,77.3556898245908,60.2673486892983
TX,TRAVIS,342,172,329,50.2923976608187,96.1988304093567,1296610,34.5,80668,2649.73275325853,-97.7817992727892,30.3347126224271,26.3764740361404,489.336140939302
TX,WEBB,236,133,184,56.3559322033898,77.9661016949153,267368,28.9,50296,8746.5777568473,-99.3306941615703,27.7612060813384,88.26785553993,30.5682985314673
TX,WICHITA,33,33,33,100,100,129624,34.6,49710,1638.23355238287,-98.7035204284253,33.9879462807034,25.4582484725051,79.1242492936718
TX,WILLIAMSON,98,50,98,51.0204081632653,100,615631,36.6,90834,2938.02542545029,-97.6005494415784,30.6481206888195,15.9186265798831,209.539030760991
TX,WISE,11,11,11,100,100,68936,38.6,67726,2389.66701996918,-97.6544765167998,33.2158507051712,15.9568295230359,28.8475337458894
UT,DAVIS,76,64,76,84.2105263157895,100,363768,31.3,87570,1645.25325656329,-112.111338039072,40.9900648098065,20.8924369378285,221.101522546056
UT,SALT LAKE,721,427,682,59.2233009708738,94.5908460471567,1187028,33,77128,2086.87140135754,-111.923611955453,40.6672439940593,60.7399319982343,568.80744986386
UT,UTAH,281,200,281,71.1743772241993,100,663606,25,77057,5554.29457471666,-111.669645925419,40.1197522412273,42.3444031548841,119.476198295416
UT,WASHINGTON,182,146,182,80.2197802197802,100,182029,37.7,61747,6294.79887484594,-113.504582362055,37.2805225752544,99.984068472606,28.9173655297216
UT,WEBER,55,41,55,74.5454545454546,100,263001,32.9,71275,1708.9427205613,-111.913719065727,41.270011015173,20.9124680134296,153.896907623456
VA,ALBEMARLE,13,0,13,0,100,112560,39.4,84643,1880.30130097698,-78.5567656935975,38.0227437770694,11.5493958777541,59.8627464340505
VA,ARLINGTON,58,19,58,32.7586206896552,100,238829,34.8,122604,67.3787200630794,-77.1010583401116,38.8785656680682,24.2851580000754,3544.57608836158
VA,AUGUSTA,42,42,42,100,100,77589,45.1,65076,2514.07047016265,-79.1337665072219,38.1643329437151,54.1313846034876,30.8619034035988
VA,BEDFORD,55,38,55,69.0909090909091,100,79581,46.6,67136,2010.3683136897,-79.5243031335019,37.3150504264117,69.1119739636346,39.5852836806516
VA,BUCHANAN,12,12,12,100,100,20250,47.6,34302,1305.04211695524,-82.0360139511759,37.2665302345195,59.2592592592593,15.5167405993339
VA,CAMPBELL,51,37,51,72.5490196078431,100,55610,43.1,52319,1312.45984365871,-79.0965371749546,37.2053175880968,91.7101240784032,42.370820157802
VA,CARROLL,24,11,24,45.8333333333333,100,29145,48.3,44518,1237.46435708331,-80.733870274048,36.7315619710716,82.3468862583634,23.552193510199
VA,CHESTERFIELD,300,166,300,55.3333333333333,100,365350,39,84645,1131.71298599532,-77.5868773044935,37.3785400303671,82.1130422882168,322.829201856938
VA,CULPEPER,24,13,24,54.1666666666667,100,52766,39.8,80663,991.238235468501,-77.9557883446733,38.4859860471514,45.4838342872304,53.2324098404664
VA,DINWIDDIE,11,11,11,100,100,27889,42.8,65485,1313.98826969305,-77.6322749576504,37.0759165999774,39.4420739359604,21.2246948037937
VA,FAIRFAX,842,423,842,50.2375296912114,100,1148680,38.1,127866,1041.28039729705,-77.2768834610467,38.836759101533,73.3015287112164,1103.14186551647
VA,FAIRFAX,842,423,842,50.2375296912114,100,1148680,38.1,127866,16.2168503385594,-77.2997301733476,38.8530856516707,73.3015287112164,70832.4968177539
VA,FAUQUIER,11,11,11,100,100,73010,41.2,105665,1687.94474771292,-77.8089244843912,38.7383975689361,15.0664292562663,43.2537854683484
VA,FRANKLIN,36,23,36,63.8888888888889,100,54475,48,56779,1843.10542150504,-79.8811007699275,36.9919066144532,66.0853602569986,29.5560955789045
VA,FRANKLIN,36,23,36,63.8888888888889,100,54475,48,56779,21.6681391956057,-76.938612488698,36.6830828602809,66.0853602569986,2514.05990649384
VA,FREDERICK,73,48,73,65.7534246575342,100,91907,40.7,80011,1075.82153011958,-78.2625831470295,39.204466999099,79.428117553614,85.4295972211901
VA,HALIFAX,26,0,26,0,100,33928,46.3,43714,2149.20392363017,-78.9366507790972,36.7667710016806,76.632869606225,15.7863102830619
VA,HANOVER,91,37,91,40.6593406593407,100,110207,42.7,91444,1224.46831254936,-77.4908453659834,37.7601259876916,82.5718874481657,90.003962430475
VA,HENRICO,448,200,448,44.6428571428571,100,334939,39.1,72295,634.156134646711,-77.4055859402968,37.5379439850399,133.755698798886,528.164881960173
VA,HENRY,38,38,38,100,100,50848,48.1,38511,995.422807238729,-79.8739757591223,36.6827521407506,74.7325361862807,51.0818112969008
VA,LEE,12,0,12,0,100,22107,45.4,35006,1132.55870337108,-83.1288467574411,36.7055040995872,54.2814493146967,19.519518003083
VA,LOUDOUN,153,61,153,39.8692810457516,100,422723,36.5,147111,1349.94746019358,-77.6356624243139,39.0905557896865,36.1939142180577,313.140335061176
VA,MONTGOMERY,18,0,18,0,100,99584,29.6,59126,1008.28032757541,-80.3872564735763,37.174235413798,18.0751928020566,98.7661836460376
VA,PAGE,11,0,11,0,100,23689,45.3,51878,811.316015994588,-78.4845242354711,38.6193468567174,46.4350542445861,29.198240307089
VA,PITTSYLVANIA,25,13,25,52,100,60380,47.6,49520,2533.92317034562,-79.3973212554281,36.8210417224059,41.4044385558132,23.8286624893068
VA,PRINCE WILLIAM,170,109,170,64.1176470588235,100,482863,35.4,107707,888.216768061868,-77.4806062115162,38.702927213781,35.2066735285164,543.631934638693
VA,PULASKI,16,0,16,0,100,33800,47.1,53689,853.215169185441,-80.7144051589353,37.0635006839996,47.3372781065089,39.6148606127908
VA,ROANOKE,86,44,86,51.1627906976744,100,96952,43.5,70076,650.729497754453,-80.0679691573279,37.2692580759478,88.7036884231372,148.989711292578
VA,ROANOKE,86,44,86,51.1627906976744,100,96952,43.5,70076,110.974175063352,-79.9580403842251,37.2784812589754,88.7036884231372,873.644701072598
VA,ROCKBRIDGE,24,11,24,45.8333333333333,100,22657,49,54133,1554.21467243969,-79.4473865124541,37.8143926484027,105.927527916317,14.5777802782126
VA,ROCKINGHAM,50,39,50,78,100,83779,40.9,64496,2212.0665723908,-78.8755187280631,38.5118748444635,59.6808269375381,37.8736341146604
VA,SCOTT,14,14,14,100,100,21586,47.6,41540,1395.70810339645,-82.6030207490336,36.7143178940958,64.856851663115,15.4659845761951
VA,SHENANDOAH,80,37,80,46.25,100,44256,44.5,56114,1325.60358155661,-78.5710807862102,38.8582441498102,180.766449746927,33.3855464904763
VA,SMYTH,39,19,39,48.7179487179487,100,29780,45.4,41088,1172.4921260929,-81.5369457265304,36.8437343142443,130.960376091336,25.3988912481963
VA,SPOTSYLVANIA,62,35,62,56.4516129032258,100,140611,38.5,90913,1072.8507415505,-77.6561273013991,38.1849211836663,44.0932786197381,131.062965754944
VA,STAFFORD,11,11,11,100,100,157767,35.7,112247,722.208716558369,-77.4579742561073,38.4206532652002,6.97230726324263,218.45070044547
VA,TAZEWELL,41,30,41,73.1707317073171,100,40411,45.3,42207,1346.12118203632,-81.5607458036237,37.1249842535171,101.457523941501,30.0203284364554
VA,WASHINGTON,24,13,24,54.1666666666667,100,53903,46.4,50928,1466.62106700599,-81.959879865286,36.7245003362802,44.5244235014749,36.7531881360736
VA,WISE,45,17,45,37.7777777777778,100,36066,41.6,41285,1050.38599424219,-82.6212339731929,36.9752271738959,124.771252703377,34.3359490679617
VA,WYTHE,11,0,11,0,100,28322,45.9,51639,1203.55093993934,-81.078742090503,36.9171312659904,38.8390650377798,23.5320326378769
VA,YORK,15,0,15,0,100,70238,39.6,93356,322.723357573076,-76.5633938242775,37.2431402037729,21.3559611606253,217.64151354956
VT,CHITTENDEN,33,0,33,0,100,168419,36.5,76316,1603.9113647521,-73.0808975478319,44.4608387554612,19.5939888017385,105.005179027477
VT,RUTLAND,11,11,11,100,100,60464,47,57176,2446.9948880022,-73.036562320842,43.5798143013857,18.1926435564964,24.7094917510697
WA,BENTON,136,67,122,49.2647058823529,89.7058823529412,207426,36,72046,4559.19144537539,-119.510900238799,46.2391028801574,65.5655510880989,45.4962250401664
WA,CLALLAM,14,14,14,100,100,77365,50.9,55090,4592.42549042435,-123.927158127454,48.050013235139,18.0960382601952,16.8462177908631
WA,CLARK,404,240,404,59.4059405940594,100,505363,38.6,77184,1698.43128929515,-122.482539207225,45.7790392819083,79.9425363550557,297.546920611504
WA,COWLITZ,58,32,58,55.1724137931035,100,111021,41,58791,3021.22355990002,-122.680814174642,46.1931864986963,52.2423685609029,36.7470323856716
WA,KING,1956,1054,1924,53.8854805725971,98.3640081799591,2274349,37,99158,5676.51715137858,-121.805319549306,47.4899924452638,86.0026319619372,400.659231593735
WA,KITSAP,102,63,102,61.7647058823529,100,275832,39.2,78969,1124.7662696159,-122.671886313662,47.6129000404337,36.9790307143479,245.234950096961
WA,LEWIS,11,11,11,100,100,82562,42.9,54970,6310.11771138488,-122.392652579606,46.5787373169552,13.3233206559919,13.084066538258
WA,MASON,11,11,11,100,100,66033,45.3,60565,2592.87496506172,-123.192736827105,47.3481335480794,16.6583374979177,25.4670976772025
WA,PIERCE,731,407,660,55.6771545827633,90.2872777017784,923655,36.2,76438,4399.09111093946,-122.10370036501,47.0241177660725,79.1421039240842,209.96496246761
WA,SNOHOMISH,664,367,653,55.2710843373494,98.3433734939759,829975,38,89273,5468.80442365023,-121.697612686785,48.0475118006467,80.0024097111359,151.765346811584
WA,SPOKANE,784,444,771,56.6326530612245,98.3418367346939,541198,37.8,60101,4611.74152018341,-117.404329228022,47.6198721120758,144.863802157436,117.352197132348
WA,THURSTON,117,64,117,54.7008547008547,100,296018,39.1,75867,1969.21228653367,-122.832941259308,46.9257075989715,39.5246235026248,150.323051518772
WA,WHATCOM,55,35,55,63.6363636363636,100,227451,37.5,65420,5613.02641155536,-121.719794577417,48.8269069288319,24.1810323981869,40.5219899788382
WA,YAKIMA,263,189,263,71.8631178707224,100,256736,32.9,54917,11165.0654798512,-120.737615283683,46.4565733740026,102.439860401346,22.9945807719008
WI,BARRON,42,13,42,30.952380952381,100,46723,44.4,52346,2304.33154062919,-91.8483095699915,45.423511974466,89.8914881321833,20.2761621651207
WI,BROWN,205,115,205,56.0975609756098,100,268966,37.5,64728,1389.73112484187,-88.003699026753,44.4527607167324,76.2178119167478,193.538156548523
WI,CALUMET,12,12,12,100,100,52478,40.9,76065,1028.42603268302,-88.2180235600755,44.0814923766605,22.866725103853,51.0274908766089
WI,CHIPPEWA,77,44,77,57.1428571428571,100,66346,41.3,61215,2697.36962247144,-91.2798912257742,45.0692879282488,116.05824013505,24.5965548982535
WI,CLARK,12,12,12,100,100,34629,37.6,54463,3156.1432577174,-90.612012372125,44.7343117425566,34.6530364723209,10.9719354200178
WI,COLUMBIA,11,0,11,0,100,58520,42.7,69262,2061.20912596354,-89.3336897376412,43.4665847665864,18.796992481203,28.3911027090199
WI,DANE,228,109,228,47.8070175438597,100,562620,35.2,75179,3205.29303916089,-89.4181529553696,43.0672621031551,40.5246880665458,175.528412886482
WI,DODGE,127,60,127,47.244094488189,100,89344,43,62591,2349.54795105509,-88.7075337834846,43.4161405337927,142.147206303725,38.0260381406045
WI,DOUGLAS,23,23,23,100,100,44348,42.3,56855,3477.20206452391,-91.9162213716685,46.4325474120994,51.8625417155227,12.7539323792712
WI,DUNN,11,0,11,0,100,45453,35.1,59588,2237.61805982781,-91.896390498779,44.9462135857441,24.2008228279762,20.3131181393387
WI,EAU CLAIRE,58,27,58,46.551724137931,100,105877,34.9,62508,1670.75373758643,-91.2859792376157,44.7268450084537,54.7805472387771,63.3707994290948
WI,FOND DU LAC,98,74,98,75.5102040816327,100,104156,41.7,64147,1983.57870819026,-88.4881891073034,43.7536027356512,94.0896347786013,52.5091339052676
WI,GRANT,37,14,37,37.8378378378378,100,51979,36.1,54144,3064.93486231894,-90.7061402735765,42.8671606791051,71.182592970238,16.9592511211389
WI,JEFFERSON,65,38,65,58.4615384615385,100,86208,41.3,67167,1509.40924638706,-88.7758833059226,43.0207245204896,75.3990348923534,57.1137351956394
WI,KENOSHA,268,119,257,44.4029850746269,95.8955223880597,169202,38.7,66595,720.429816944704,-88.0423895196872,42.5769560558431,158.390562759305,234.862572342681
WI,LA CROSSE,35,24,35,68.5714285714286,100,120943,36.3,60307,1243.19789285497,-91.1151651338428,43.9064666635854,28.9392523750858,97.2837877984633
WI,LINCOLN,28,11,28,39.2857142857143,100,28429,47.9,59183,2348.46614494102,-89.7346003927303,45.3372649234677,98.4909775229519,12.1053480209799
WI,MANITOWOC,62,41,62,66.1290322580645,100,81412,44.9,58464,1542.47730228351,-87.8098773313411,44.1197446221323,76.1558492605513,52.7800311093565
WI,MARATHON,178,76,178,42.6966292134831,100,138114,40.8,63029,4082.60266478874,-89.7591427691337,44.8983766733281,128.879041950852,33.8298902293856
WI,MARINETTE,52,30,52,57.6923076923077,100,41900,48.9,52385,3705.04103346921,-88.0327173298918,45.3822302031018,124.105011933174,11.3089165872927
WI,MILWAUKEE,1272,643,1212,50.5503144654088,95.2830188679245,938609,35,52260,628.128325969811,-87.9667445694606,43.0070379701105,135.519689242272,1494.29497316622
WI,OCONTO,13,13,13,100,100,39077,47.2,64528,2634.14496925434,-88.2683513346585,45.0257114332975,33.267651047931,14.8347947649448
WI,ONEIDA,13,13,13,100,100,37877,51.4,58156,3202.58644125786,-89.5216080662827,45.7056316907158,34.3216199804631,11.8270031721996
WI,OUTAGAMIE,162,83,162,51.2345679012346,100,190973,38.4,68441,1669.41123626967,-88.4649460741512,44.4160088534794,84.8287454247459,114.395420284059
WI,OZAUKEE,19,19,19,100,100,91627,44,84394,608.815209074539,-87.9509881084003,43.3838690228238,20.7362458663931,150.500510884546
WI,PIERCE,12,12,12,100,100,42229,37.3,73873,1532.56944416848,-92.4222837884255,44.7196102876815,28.4164910369651,27.5543794512437
WI,RACINE,263,124,263,47.148288973384,100,198065,40.1,62556,881.778739769041,-88.0612574463904,42.7474937122811,132.784691894075,224.619840632445
WI,ROCK,135,80,135,59.2592592592593,100,163761,39.8,59519,1880.61855043194,-89.0715682430305,42.6711723605473,82.4372103248026,87.0782647349656
WI,SAUK,11,11,11,100,100,65793,41,62808,2199.35167875204,-89.9482285162504,43.4264925371017,16.7191038560333,29.914724705297
WI,SHAWANO,46,32,46,69.5652173913044,100,40869,45.5,57322,2355.16418197616,-88.7649011609842,44.7892902576709,112.55474809758,17.3529303446301
WI,SHEBOYGAN,103,67,103,65.0485436893204,100,118058,41.3,62101,1340.81763038001,-87.9453877353299,43.7210656597962,87.2452523335988,88.0492598881927
WI,ST. CROIX,12,12,12,100,100,93893,39.2,84985,1905.22708070622,-92.4527814870935,45.0340102778748,12.7805054689913,49.2817895309342
WI,TREMPEALEAU,24,12,24,50,100,30813,40.7,59606,1921.62170371073,-91.3585288872224,44.3035245704802,77.8892026092883,16.0348938297787
WI,VERNON,13,0,13,0,100,30710,42,54549,2114.591894772,-90.834569228949,43.5940007981185,42.3314881146206,14.5228968653128
WI,WALWORTH,80,36,80,45,100,105310,40.4,66034,1493.24330081666,-88.5419349899823,42.6683954594787,75.9661950432058,70.5243411722696
WI,WASHINGTON,144,83,144,57.6388888888889,100,136811,43.2,80839,1128.20830730091,-88.2307512543571,43.368343830723,105.254694432465,121.263953752745
WI,WAUKESHA,767,392,767,51.1082138200782,100,407518,43.1,88985,1503.69406170322,-88.304516630492,43.0181220062557,188.212545212727,271.011245158745
WI,WAUPACA,61,43,61,70.4918032786885,100,51806,45.5,60106,1981.7021441174,-88.9648715008507,44.4702795385509,117.746979114388,26.1421728556856
WI,WINNEBAGO,129,76,129,58.9147286821706,100,171796,38.3,59947,1498.2760052062,-88.6446475275664,44.0687849826582,75.0890591166267,114.662451646455
WI,WOOD,12,12,12,100,100,74189,43.9,55684,2096.33004317947,-90.0414754900628,44.4551621891106,16.1749046354581,35.3899426482858
WY,FREMONT,16,0,16,0,100,39190,38.5,54291,24000.0686598925,-108.625914272479,43.0392581878135,40.8267415156928,1.63291199518491
WY,LARAMIE,22,11,22,50,100,100733,37.4,69369,6959.92940525025,-104.689312870736,41.3069703742078,21.8399134345249,14.4732789852741
WY,NATRONA,84,38,84,45.2380952380953,100,80300,37.3,62168,13926.5828773263,-106.798509033501,42.9612590807117,104.607721046077,5.76595139721857
